,0,1,2
4473,0.15957936767199926,0.5702109350114694,0.5065386693082643
1824,0.005135378595759172,0.8157566932051401,0.22931999145890813
893,0.7124909128185247,0.331046034995156,0.7076295551799971
380,0.6677770902729642,0.2812704640999046,0.7312321021649748
2797,0.8026566213855204,0.648892686741844,0.32814141898336774
1444,0.441455131258438,0.6723828772108024,0.3643536665742467
4955,0.1683663443460894,0.5909508932671537,0.4951651899781099
164,0.7317500177726078,0.5815601291657156,0.5748399662099568
1698,0.1494325369311715,0.6324490431009685,0.4511208300265329
4058,0.3549178346361048,0.049358626930291596,0.9742452071130744
3783,0.08018107273918128,0.7644495288176832,0.30561408294709463
1658,0.4041681768357868,0.9299141776293912,0.09110484014521847
4074,0.3223899804516059,0.2037536315932683,0.8431313114562327
652,0.9133569656458466,0.601536506670251,0.2672719535587352
1643,0.5144587843838846,0.8648648648648649,0.15640769680177144
5084,0.5789612650327267,0.07843845071035085,0.9398096350265528
2429,0.8336823294239263,0.009410139687514208,0.994378762748769
2707,0.7967955915465514,0.7819909022646706,0.1811465378192305
1215,0.5205845809550316,0.7796293581545758,0.2452834251809306
3104,0.6603070853287142,0.5685346231529055,0.46398116376966486
3667,0.6399664845736878,0.25813279502737285,0.7973616211517108
176,0.6907946591200504,0.9700354878324055,0.058912048665961766
4440,0.6819967090419827,0.1685825489698343,0.8523653916971177
1647,0.673641710506439,0.5254762860240978,0.4890213118216679
2067,0.5907717703779259,0.28059091368345185,0.7618543742536695
1326,0.19790480419384843,0.22522522522522523,0.8288984686436859
285,0.026064659254279754,0.8928708046646182,0.15258196407797775
2089,0.5859174260762722,0.4395089042061764,0.5969784570620168
1799,0.7050863997469454,0.6833399428839978,0.30879819465882663
789,0.16588556713345443,0.9529962117002537,0.07144059681102326
523,0.5229584349554475,0.7314679124761678,0.3104917466428074
3369,0.8052406047897284,0.5479743300987331,0.4232374409054663
2921,0.5950068263174328,0.7716081701245693,0.2525876619417574
1436,0.9331411333296247,0.8574103883158332,0.024121274945618065
552,0.4437282164087265,0.7498814909882102,0.2938842638587385
1307,0.30394069292986575,0.10129553709784887,0.9365174147285014
353,0.5601680578900256,0.4205837366293374,0.6065155125945864
1431,0.41407795460929486,0.874078805020375,0.14783297010375449
3379,0.4322134765982347,0.5652322220003854,0.4909317461093738
3873,0.7086837466210304,0.173011007093224,0.8540723703278611
1472,0.9323787092124417,0.6287873561144871,0.14009500249353732
1989,0.650621912707645,0.15835915253297458,0.872591841462341
709,0.5996963187185076,0.9421047429161741,0.06635214292786629
3720,0.8420062040632538,0.2121852442523638,0.8107683747221558
3817,0.34284641586650166,0.40356297757796605,0.659900313652023
3823,0.28010483483998755,0.5003348689353477,0.5671160757817435
149,0.06948864411637509,0.7746555717060709,0.2820576704270094
2007,0.6177417160622999,0.15059261805534074,0.8778572021230449
4190,0.6430586402482358,0.3867974217066014,0.6407242131047922
2253,0.4941675767209516,0.22887649871701254,0.8161809459355812
921,0.2275093655634477,0.23324579332205622,0.8270735600211354
4571,0.9413569816474272,0.08008857536068063,0.7440951587495366
4017,0.8436942020497518,0.1036540112685951,0.8606255659308107
2177,0.04800750384547127,0.4144144144144144,0.6714603959773887
13,0.6642703187019527,0.4251265934081053,0.5895065045720114
1592,0.03729655344723981,0.9237223492144685,0.12109843211229394
2047,0.40039756488902684,0.26482329538790317,0.7913174797153922
3316,0.28245964736018225,0.27226037193805375,0.7927927927927928
3551,0.24050079847039868,0.49019133072544263,0.5871171099184512
1542,0.012426688791262802,0.7749339946616709,0.28800754858294075
4134,0.7704096394337854,0.6164653655133401,0.3507188943305727
4100,0.825388726073168,0.10009998181441876,0.9014658023187878
3237,0.2306594046276601,0.8347715032136271,0.21824023832792921
2478,0.054832993042570305,0.21269555896286235,0.8542544805129701
238,0.4079475081409,0.7010552617475023,0.34109528960507035
2756,0.7311344955264265,0.9470034768498308,0.05804195623461763
3307,0.588517235997717,0.08056726340646245,0.9591020229874127
4550,0.5802468945687314,0.29036480089963956,0.7384267360592618
861,0.6265779376538682,0.31435207291768463,0.7304048689125507
432,0.0948444951649539,0.8799793012955633,0.16502295986491516
4469,0.8707730751878479,0.5524560183040323,0.352311722037324
4845,0.14802450667947442,0.6133222562616668,0.4667436752396947
4020,0.914450268406034,0.28631676349507473,0.581431221441566
2710,0.15895891269498277,0.8918918918918919,0.15105931258700414
102,0.0387824988217584,0.8724806330018207,0.17645419291603892
4447,0.8781505696291799,0.7976323670317347,0.18142577950264976
3612,0.351496819669605,0.6177972310329395,0.4534145234519834
3015,0.17523231210128762,0.9209226260217137,0.12333749433508717
514,0.9099099099099099,0.6485019768519135,0.18847021697184513
1319,0.30690162396212955,0.32131054979502316,0.7333294387699153
977,0.8832343709432586,0.2108552389614586,0.6957459847851907
4604,0.5985760997263481,0.6884363808894726,0.34689264192935215
333,0.8673526482352724,0.8946024033466156,0.05232920245482403
3336,0.6345129922241952,0.24597869895691976,0.7863630019491413
3549,0.5715757693105824,0.1891891891891892,0.8565109804341149
703,0.8887082653192399,0.9189189189189189,0.03372753995352909
418,0.39356654843070893,0.2630007789313072,0.7850117047056073
2640,0.25619231376436835,0.8484440379036482,0.18696476918241828
3800,0.17298616716874335,0.33933516083328685,0.72681732499484
1567,0.451380343392314,0.7365323294499307,0.31449617513195943
1150,0.9318802051911419,0.0784749772664931,0.7348008806959038
2783,0.8478542845639208,0.7846290323522066,0.14819159986799538
4968,0.48445332148329096,0.0806623473048308,0.9419316023716797
878,0.9473698385414917,0.4774774774774772,0.2010253357925507
1463,0.3584346354813254,0.7814402811097657,0.25901278774901465
1491,0.568083953719933,0.6588270462074836,0.37553357740199456
3432,0.6095916240044773,0.5015014973392198,0.6107110939194292
2768,0.24993952439437078,0.8316232970657214,0.2126188842902859
4728,0.718039708453811,0.4911003039853035,0.5131831373001224
1382,0.26382560026920626,0.8895007709292122,0.12946035648047224
1371,0.3982412280967891,0.385055800519261,0.6796710757503391
526,0.7576786250454316,0.8268536935734626,0.15534151906441754
607,0.1931371101143964,0.5387613980317092,0.5347835049387046
3311,0.9571103466105627,0.09909454740692752,0.6715098593689264
782,0.18664944670527053,0.5991686272256739,0.4762345552749229
923,0.6065434987417998,0.2949982920980004,0.7496348467432515
1055,0.4593089519680753,0.6264241892545565,0.43767825335210014
4376,0.921680907185841,0.08073691388362003,0.8309029576879039
2388,0.5159794811683525,0.06601479487986903,0.9612842859502837
2296,0.7312222663809774,0.05906329048428247,0.9474454903479592
3786,0.9102818019031959,0.7067261149734567,0.1592470815932072
2659,0.6926713000023739,0.9799844913418095,0.027051955248366722
31,0.8155747078578924,0.9509899483750102,0.037031662739731325
2172,0.6929666175984164,0.26729976271527073,0.754856213845379
3821,0.7288870234204752,0.6517187708464367,0.35290196360786447
1059,0.5509194322350827,0.12331673372133764,0.9093740596689801
1747,0.12710788534586542,0.6643323881725293,0.4041472234696126
2161,0.2030630567226673,0.44177834440700803,0.6334510211789071
4808,0.3716464713971886,0.48912021814089024,0.5747161736766384
3148,0.021943207577317457,0.9975149192931838,0.009370672880616175
1359,0.011847019847245925,0.7967369835958837,0.2594666477453655
2980,0.631234284575562,0.602157772196124,0.48748678578270926
4683,0.6472533533204298,0.2827710721743988,0.7381290087711249
982,0.8928114013997356,0.16616541441162286,0.7588753921133022
5000,0.9640513783355213,0.37672086789749776,0.09731628453394385
883,0.4072063906239139,0.48981181883883307,0.575583875024766
5020,0.5285879990628616,0.3803599134615482,0.6698156342989141
2085,0.21817789921452008,0.3150837733085434,0.7507126349654711
1874,0.4566334114429982,0.5565723545445239,0.5572734186539086
2581,0.9682014437321887,0.9960534624603797,0.34889307266685254
851,0.6544221896031152,0.28763944837793554,0.7356605724496665
2784,0.7816581387182772,0.8679573674381612,0.1278409202890587
4620,0.38955579581847466,0.6739688189147267,0.38710134894845244
415,0.16721911235065284,0.46830450335651935,0.6041240972423221
3260,0.47051717917324254,0.8532654715506756,0.1784043116419393
895,0.731729251933627,0.2905574725346686,0.7501319866464385
77,0.18292850969731328,0.8264119296785835,0.20396368614422097
1433,0.48590192680926486,0.18983188425909664,0.8486190713211941
1530,0.02948455082304099,0.8318661784944327,0.23342644879103602
42,0.3230815504419558,0.5796312973535162,0.48623029840029214
2859,0.055300090810944065,0.9438531384449426,0.0913935878184582
2299,0.7266897654948471,0.09614016692238606,0.952362054738768
138,0.019769571966313723,0.9651904567352849,0.06156964509553078
4616,0.6556560715591031,0.6286213422836482,0.39685853190739584
3937,0.8987602721175374,0.6329101236366462,0.25419448227858177
2840,0.1601255412819364,0.8417537960867473,0.20758259775623134
3990,0.502384703027248,0.1549243644157386,0.8814357150238387
884,0.36605461678933204,0.21528083277150423,0.830716798292702
3318,0.46259842797560546,0.17922064105397498,0.8683285883961733
1233,0.8178568251336236,0.7026926501473174,0.26341762301049704
1544,0.58793057287971,0.8886295444614347,0.12545694426145743
338,0.834834376144172,0.5928259565287217,0.31679756320830743
4929,0.4166892549678384,0.4295366806368429,0.6046115998465446
2402,0.5758528846975087,0.28171934764944817,0.7602249721069684
2468,0.17214320894952637,0.07100199771492806,0.9631617292287243
1835,0.3632201340934078,0.9265183209460979,0.10021788449117427
1893,0.9980151221049175,0.9990978743410487,0.9990910098486896
2072,0.4435893742300094,0.05913134612926801,0.9654967512575686
3086,0.7495600110104603,0.9490823330021811,0.06541060414499998
3150,0.4430822963186553,0.5461529368905216,0.532278465016392
3108,0.8764602362906665,0.5162403115680984,0.47407573228451183
1777,0.5061247861367286,0.5086536236558987,0.5504851801793216
915,0.9551161359142786,0.3750806956691988,0.22212811116580994
1742,0.01180736179064428,0.8819379467339719,0.17117117117117117
3935,0.8757508851670278,0.31630895963648226,0.5989420648156216
3567,0.9041569270280043,0.34695005086219854,0.5040648701351599
2843,0.686598352200052,0.9390634339313422,0.07155543110113026
5013,0.7611272856376089,0.03120993723296002,0.9693790508641352
2001,0.539796502456625,0.13118734208847654,0.9033203475168283
1555,0.7567567567567568,0.8705422697639359,0.11825880110028775
3110,0.9419458964247285,0.5108591541652876,0.2062154024641105
596,0.11425625988746434,0.7679705780698242,0.28448082312696704
1912,0.2902344225432276,0.7938948688723025,0.3072875043907163
3012,0.8898860962445363,0.4505057034598946,0.7056319486948603
1504,0.4304928988627409,0.7594276342168707,0.2732987712784902
4321,0.8977667940680844,0.4106630676338546,0.44179513646962537
936,0.43059266690802483,0.7764167611064773,0.27309000081513646
1048,0.7351270968178173,0.1661663542391592,0.8487984104372596
4898,0.1735970696494823,0.5334145365194126,0.5389668671972169
3961,0.627042339106804,0.043635798820817875,0.9702061986421068
3289,0.2236229083026094,0.33120758656155586,0.735750750398655
3079,0.5868853558461213,0.95803323287534,0.07979612896850174
3301,0.8440471604956813,0.09555572069964013,0.8983777868828964
1100,0.859231134913102,0.17818119805654234,0.7884030606141871
2815,0.7732485936764534,0.9866833201650177,0.016831642215738508
2348,0.5164010144485338,0.14854212062594174,0.8902889914244944
3959,0.6602699278576015,0.5743231020850955,0.4424168253691116
4961,0.6670126464330365,0.06034712446070539,0.9499699936972152
3898,0.5853812118346513,0.3953251667954263,0.6613810041582322
3557,0.2368038997320621,0.5678987467949959,0.5079929472409132
2469,0.16745946665302744,0.20464292580145435,0.8573478522512658
1990,0.6991519973790766,0.028810373739171738,0.980757349118878
4924,0.6785955344720653,0.6397900907518288,0.37929657432316344
2976,0.8056447819953897,0.5176610756433523,0.5509830713943604
3556,0.990990990990991,0.03371775176800949,0.011815698727614274
2021,0.5170582290608554,0.280447493475322,0.7624583643982826
2267,0.1284009584249494,0.2278557330088515,0.8369929690609176
3425,0.9299060114513515,0.21876686717393784,0.592076535082772
4651,0.21969618109590522,0.7547805489280884,0.2978172731851081
3093,0.9668539623523014,0.7488179091561614,0.014041294799642395
489,0.05979981800676922,0.8229904672064978,0.23572112659711006
2459,0.6838594573093209,0.09631748001030313,0.923910531220402
3358,0.8319374615034829,0.5612233068931489,0.43746836230478064
770,0.22079174025783338,0.6416376141098539,0.41764998062690156
3381,0.8094256410688564,0.24806529236598346,0.7348548597392243
1972,0.29267071247934273,0.13817169500405563,0.9113585257130096
147,0.011007841363109755,0.9495047905491688,0.0843574280941901
777,0.32357036324039085,0.9132813845821034,0.11376330255043897
2375,0.930947930166595,0.0820714902251153,0.7430895980889015
954,0.5765765765765766,0.5891046625924088,0.46125075016469524
4736,0.23057984744848706,0.2891652840305153,0.7689001893813582
1429,0.773782694934631,0.28422253065562214,0.6971545199349022
3681,0.7338916191058722,0.15129266751147008,0.8620084780014996
2194,0.7670068483989688,0.19039772307874792,0.8142815768928428
4563,0.934069533117761,0.022517955891512075,0.8597194096245482
2807,0.9720005715806744,0.1814969766747084,0.2465309034165248
5052,0.7568219276292254,0.21324078298927354,0.7864118197849845
2646,0.1686258628240767,0.9753627784631504,0.04227162907579319
3366,0.5605141955709877,0.5731983269330346,0.47539460517911497
2860,0.6310041592501142,0.9679389237837842,0.07302878955804122
4980,0.08584735480413629,0.6418109420444678,0.4367209976744455
1364,0.11516866270320275,0.8921716810537001,0.14792363252710194
393,0.5545379411335736,0.6660032786084338,0.3721087369357778
3518,0.30036357299703675,0.25879799078795007,0.8000960318371544
2617,0.22431136078776073,0.9836282283057406,0.03009157107234693
1011,0.4070875558065065,0.18322283687378044,0.8649124442786845
2379,0.7216897981691619,0.03231622960629148,0.9766548942142074
2818,0.9031432743580337,0.8119164782518025,0.08960651591334286
4361,0.24623898136111708,0.30802567833148503,0.7424580857297242
2097,0.3234198911420953,0.0470098042103768,0.9785818881064174
4098,0.31081501003220613,0.1434907717001494,0.8989401759953891
1919,0.21136152526460494,0.4480242158378819,0.6516403523019622
4665,0.4014116018001071,0.3320189430826941,0.7127628606219449
571,0.3471085073495999,0.8236952434563226,0.21064822229767283
1862,0.9888550296325608,0.5458819941813815,0.012492739593802388
550,0.14901806348267724,0.6651332230003576,0.4240227606316957
1425,0.47195202263601155,0.7471011613396298,0.29187350366573495
1528,0.33064170328942144,0.35135135135135137,0.7184009298018129
1486,0.24665005334727874,0.36930023215375685,0.6940786597477959
560,0.45846449898897096,0.6816016051411156,0.36936936936936937
902,0.7163100008779332,0.33333333333333337,0.7346830327584142
1574,0.018953382481751633,0.9495459579975317,0.0873519844430436
2803,0.8942145406019173,0.9808620569891963,0.03214658834920052
4730,0.6427314494721522,0.29431140814437295,0.7337640777978431
3158,0.6380543109076006,0.6253990007701558,0.42673356504647714
2492,0.308827178730172,0.14095685703498398,0.9265947180285354
4926,0.6766757545382904,0.7005316890500761,0.3129583380022516
1702,0.7226576707511883,0.9347713636674633,0.07060231428816073
1177,0.48120549842001026,0.6001880801103374,0.4483270991272457
3213,0.6292544963746413,0.9966638560908888,0.008938986273922528
2080,0.4496114222868729,0.016832831022528156,0.9949779235598425
953,0.6347517726636832,0.5820117809740293,0.49452734782141067
20,0.8536065755747947,0.5641686723302477,0.36036036036036034
1131,0.5390553325051171,0.4289878674210645,0.6091159751377042
4358,0.4256540338972987,0.7287362576942967,0.32932104928620226
863,0.867825785055884,0.2854983930966612,0.6552668918192304
1206,0.8126955975701301,0.3222159892037712,0.6876106246279117
2893,0.14436190096252352,0.7882475767971537,0.27728769583195917
621,0.028993519626642417,0.8121106075849316,0.2541458415048402
3829,0.7775690481883076,0.658617864217822,0.31866279998019204
561,0.11711711711711711,0.6637720099131603,0.415408297757556
1787,0.7402508773432803,0.9768446249473896,0.02634804634870256
2587,0.41652901653529784,0.4984257694042039,0.5560290447427134
580,0.32877041571970966,0.44135853879308523,0.6128605168101096
2395,0.010429368250461136,0.2602729172215271,0.8348516697693412
3812,0.20966416505681282,0.4906275648498903,0.5955852108108195
4638,0.194147243568658,0.7352418556092636,0.3286575683957307
2652,0.28928854393492615,0.7534181531618029,0.3261577086651725
3134,0.23298438431395183,0.8109702221148674,0.24708021720652296
2612,0.11024945631705953,0.916449191702682,0.12454615083317476
3270,0.1831660877837854,0.47224644077731254,0.617830115027349
4089,0.9493518163338766,0.2735989630349652,0.3319024688012308
3911,0.09108397083160466,0.6652161990280487,0.4163985597318187
3069,0.91633799063585,0.44399219215987507,0.4101707238406386
235,0.2453879543237706,0.8298247928889593,0.21240942824657474
2276,0.4976303477723418,0.018018018018018018,0.9929746428523019
1169,0.6778644224242125,0.06920209994065872,0.9419440288220197
4866,0.5626042029612929,0.20921265935538752,0.8258357116834675
948,0.6764320013659285,0.6119906313633932,0.41673488789796936
284,0.425941034377461,0.550116724625594,0.5020924278873127
4423,0.8302061829360935,0.4384679698190806,0.6798241359438426
1140,0.4046092991112778,0.3688673851788987,0.6806968704302206
3795,0.5614839199205738,0.06703927724962892,0.9532836694093644
2117,0.0471033094430609,0.4464245830693911,0.6467094210427986
1760,0.39624509448326034,0.7560914446621999,0.29035050551518465
4209,0.20571335598657847,0.29969783795241184,0.7731837181556169
1672,0.7937937844023607,0.925318183415881,0.06057820939594115
3241,0.7882060754902475,0.818270244585396,0.1636788770342362
4823,0.11001263878736008,0.37135205913047875,0.6898674019017266
874,0.45532815423846645,0.14248574035126554,0.906260098902895
814,0.26757816345531327,0.3023407355324999,0.7564649933759109
3489,0.9691481052350075,0.30560578959545054,0.10820526119658451
3371,0.929242453826718,0.5122618815197181,0.4409551793239048
166,0.6747088912128335,0.7798436700746465,0.24158992575287694
1537,0.18437763156301717,0.432813044251268,0.6404803289167477
3180,0.7337516222855252,0.9213436756210531,0.06993523941654414
4922,0.4077004619185801,0.3813367713025276,0.6755699646334442
2092,0.6038880112529506,0.25885096665320595,0.7733753970640027
4735,0.38391602588887896,0.5627619476716669,0.4854969372499834
3173,0.2650593082619148,0.6802091576784552,0.4079692152085828
4263,0.2972972972972973,0.4791710928458204,0.5835999968929555
931,0.0721490372313275,0.818980475839548,0.22928776070187276
2969,0.8778487926976973,0.9841666753452102,0.01716969563132187
2222,0.748423807409852,0.2431971245644866,0.7589352550619475
2508,0.07734511846046115,0.12516158874176744,0.9284294194509445
2565,0.06424548669762661,0.8039570839548277,0.25175392519806755
2704,0.5927088936794458,0.9825255178461075,0.029389728530918823
3095,0.7957594031138405,0.7073209141754868,0.2816413879987671
3712,0.37669370999825746,0.07414933098080227,0.9566950985007199
922,0.998321500096844,0.0007867793266462567,0.0008548092296821522
3165,0.8586841454508746,0.7698582723499114,0.18090008306567154
273,0.05063674984426914,0.9152006042780784,0.12262747899652762
4505,0.9909530260545092,0.002689880009338671,0.18223606254057045
2618,0.19607997715897674,0.566898607659925,0.5045045045045053
2290,0.7046753090939433,0.014371549636244036,0.9919795874663531
2866,0.8012643100477913,0.6533913606518562,0.31839460858485075
5027,0.4000336236173109,0.6716671306940095,0.38308037841368237
1841,0.08700711422721955,0.7797519498727854,0.2762968325421269
910,0.8657380829165708,0.6746038687155603,0.2784777475855615
4877,0.06593686463807552,0.6247061093722279,0.4610404109813447
4751,0.25228015069049964,0.404986376131858,0.6562112077506974
1980,0.5844249068893832,0.6042156753670217,0.43897484374587
3874,0.30125311741085486,0.3393401713777126,0.7212499153666828
4335,0.9878740061330205,0.01208153139490792,0.06500233301072607
4800,0.1645041924056245,0.5157482851876936,0.5578894872493622
2754,0.5853997156521172,0.7554648740222316,0.2725368937424768
2796,0.9517904206156883,0.6706971779412644,0.06359686471740221
769,0.1659713493642602,0.8849989285954034,0.15621949461117854
5014,0.4004043938580397,0.5451224706569794,0.5075168428589335
4389,0.6198398365790648,0.3596775384270589,0.6774638299716556
61,0.31057698565506625,0.9561690428188804,0.06886480260694967
2009,0.5102786964990317,0.03951558082007884,0.9802535635238158
2732,0.22843230201592032,0.8550131473054986,0.18253669290826183
2443,0.4804791743396907,0.4434840331052695,0.6126126126126126
3871,0.28245649382519994,0.3290542970344042,0.7327156732455399
5098,0.21422341894894595,0.20169481606747472,0.8537190233614832
2770,0.4416445515080065,0.832974276526407,0.19428057991908354
3259,0.47790064040272784,0.6376630953388913,0.44365396518364475
1654,0.2066908682034737,0.9257734517256906,0.10553328793498211
1050,0.9441224613534323,0.4751697220943865,0.19408847246141459
4819,0.5392287508986903,0.5213099402008807,0.5190185109035129
4185,0.2411100521759763,0.4782216531080893,0.5892258838101837
3916,0.9700432463716226,0.08002925329202744,0.3243964675649424
63,0.2853625213321442,0.6621588742763787,0.4035186536741514
1168,0.17283040074595946,0.7588659331509023,0.30118154365067656
3770,0.32302798335254446,0.12644133445585368,0.917436980689575
2483,0.7261285942620951,0.02411190310930249,0.9836537765095595
4688,0.5622862070054254,0.5984109946831894,0.45646037192550143
3285,0.2691007434406003,0.510233078843835,0.5690304503969034
52,0.5244863073340734,0.620931397125283,0.42156809200492856
751,0.12606635214576992,0.8426160515074349,0.19919331809365248
3759,0.1632715758397889,0.7741249684632262,0.2964902482838185
1855,0.7497411915951241,0.33373696073792225,0.7673104841683877
3510,0.5083868607913995,0.0490354935172584,0.9729729729729729
661,0.9413908063475215,0.28276929073928864,0.3745666570380512
241,0.6243170195405098,0.36838987490486336,0.6586495924721405
4158,0.30815275519776486,0.6195411200260553,0.44602856153636217
3726,0.7620552322992605,0.6368321693953014,0.37443463234047886
2004,0.4483230571667184,0.14597632058883048,0.8943186069840819
1328,0.25280871728743826,0.6612694194685889,0.4093848386969592
3303,0.49069984672210704,0.21719604118058794,0.8363470869438208
582,0.11419378362899749,0.8462389161526973,0.20531783009070964
713,0.6397024436809474,0.5025967615048498,0.5155404365077874
1941,0.1312277505374123,0.6923240947731296,0.40718347214174466
2712,0.48464261326806163,0.9350083881561555,0.09625002075128858
3566,0.6768914839441987,0.43724022861924977,0.6194039028383589
1901,0.15068630309357367,0.9797651342213439,0.0542441231219723
4348,0.9908564962920353,0.0036565654600547513,0.07039057210137695
217,0.7021001736583932,0.3445462943901061,0.6718030981776222
4080,0.24618748416137362,0.2941001952172961,0.7655062893941709
2040,0.5073461727588255,0.013834485512272315,0.9958113109074767
1921,0.1341820570158241,0.39737101048988777,0.6721626996321513
686,0.8748152801307544,0.738743530460291,0.1638845267981088
4219,0.9279279279279279,0.16348604199009129,0.6596076218052641
3484,0.9943027929309652,0.005036457185352811,0.0030109593816267867
506,0.04511253999633563,0.37741502040683184,0.699179678117092
1377,0.4834910831234353,0.20495394641764192,0.8248366870224006
248,0.1441683559389834,0.9508056169442595,0.08053066267525137
875,0.13191437151244864,0.8042578393876922,0.2660369683449652
2557,0.06582237159987601,0.8738738738738738,0.17540815074817817
1889,0.41540962745489873,0.6849829344932555,0.4172339013595017
781,0.5616748832626142,0.784744751354109,0.23323461178312485
3265,0.6788721302599439,0.196456726740126,0.8298136134651075
2360,0.5571814753726757,0.37947037476366924,0.6691137452050313
394,0.6037851276934854,0.20115879132338804,0.8298295961733084
3360,0.9098037471375171,0.5978203994472832,0.3286788896935026
619,0.37436806781387194,0.2381854082536662,0.8077189639012858
1768,0.3573151949203426,0.9464922362854428,0.07705493685148504
2257,0.595590360447762,0.30581294035813045,0.7278734712007724
3787,0.29938279989477046,0.21880506125521712,0.8270803988849281
295,0.033213284796146214,0.8576142926373693,0.18376815022375698
4674,0.8739834543666966,0.34762692254538696,0.5615890888892112
5079,0.06318590999336107,0.8459880559561129,0.21168665716226634
4758,0.3004402283958373,0.3123371569592409,0.7470729765371648
1740,0.21251508491872478,0.8391409856184534,0.19721563624734315
4138,0.4531914650586552,0.09916913030171513,0.9387829257201395
2734,0.8039963881125515,0.9191612890780633,0.06727523572102369
4528,0.24006255871277205,0.33432828426781264,0.7309945917699903
4343,0.32740689935302214,0.19457140395051956,0.8563198804313704
1522,0.0009580348040743385,0.8234103480997955,0.2592705163060697
3340,0.7718144789726188,0.42357066693358275,0.5943244334287795
3175,0.7096088866323549,0.8915849338482581,0.1142697648450664
387,0.5369623042198474,0.7557653116160512,0.2508038988438798
992,0.5464306019126249,0.3447048511354911,0.7061399127064445
845,0.5405035197315058,0.5469355127532949,0.5151670262945918
3868,0.5054994523194953,0.5808716376844091,0.46878978846590474
2764,0.8855270176044091,0.41679388914016474,0.4670111451747725
2199,0.5685372775288801,0.09024133130901713,0.9462891403888947
2127,0.3217069723505726,0.36577209801831895,0.7006608621283398
2202,0.7598117160250292,0.1213633983659759,0.8817559485854697
1965,0.3959727937199675,0.113643760500207,0.9269754950844195
3574,0.977586852497059,0.24521445524108093,0.09403639575586122
4102,0.07051166837102761,0.7080171987561954,0.37636129057157763
1923,0.3153153153153153,0.43041244498494896,0.6675447236357933
4750,0.5993549877625012,0.6864393171250613,0.33627183298926905
2870,0.6173926482529798,0.8882296471720809,0.12652919850354086
1891,0.854525898249014,0.8863364953095387,0.18769668914150306
247,0.7403820651418437,0.9070220759124465,0.08895177449031537
2692,0.3692569443680651,0.6075151744484569,0.45536514811709816
376,0.5079040099231807,0.5263734700984538,0.5045669511582982
3429,0.776197906318457,0.21621621621621623,0.7854993976660677
2238,0.31016745041790744,0.12467156724973408,0.9218848844066081
2265,0.3969969275003883,0.01440881422170479,0.9959774987650326
3038,0.9085881146809583,0.722092766745888,0.17931198292149073
3617,0.39026674283686597,0.5095952899625901,0.5749387356584448
2934,0.557573611939535,0.8480726657050701,0.16562892379212843
542,0.49949051540955125,0.4395398717483913,0.604664073855797
4009,0.6873208222589936,0.8329573063274253,0.1721405910135363
5045,0.20995376733473378,0.2237337062730263,0.8309563202792719
1667,0.14405764431541593,0.3720674582917927,0.697179668146677
3773,0.7217020228818217,0.1445024258571163,0.883935483910099
337,0.4738699266818638,0.7165687270472478,0.3254894608114611
224,0.06828598797807638,0.9504571303798062,0.08705843441671146
3555,0.8324317968364755,0.7944871102112059,0.17527771258529024
2846,0.6577053792324015,0.7034873117331992,0.3071201006299901
304,0.08208418021816706,0.6637561747923303,0.422298935613817
4287,0.9739522551931972,0.32630560402067454,0.3820175428255825
1829,0.11584042503340031,0.7246440543097686,0.332309626288407
4330,0.18115376422127946,0.7354947375991508,0.3199113177429676
4999,0.3129130350559883,0.5225225225225225,0.5270719570535541
756,0.379254934707013,0.7821142257803334,0.25713447311063015
1042,0.795872102258551,0.5720649754015904,0.3995214140314794
2023,0.7264485595452188,0.010249719612794132,0.9967463429907916
2998,0.7431615277887977,0.883905002598725,0.21014227398532576
3745,0.8755051559467231,0.7376788356394078,0.18644843482874277
3403,0.7441304363329797,0.22608656948985054,0.7677577997794928
4313,0.4143110205800174,0.3651725797891987,0.6904533163080018
3423,0.8288288288288288,0.29128402545280674,0.6854166942236536
1512,0.5709098575304578,0.8412767143624219,0.1580772187714193
2372,0.9137093978380794,0.17179576957354617,0.6948280998797527
2358,0.44603097105354284,0.23085616786659963,0.8218158803466301
1517,0.3671704290486124,0.39978202411258407,0.6688116939189148
4948,0.06614991719849424,0.5774748579981928,0.5131703628388262
1299,0.3312763335710944,0.23379844522885695,0.8217826886690128
1975,0.810931876980042,0.4567378164317195,0.49817721803750675
4296,0.2504443032149993,0.39541376853243704,0.6745924006625702
1308,0.09009009009009009,0.44815589916783477,0.6299022385088917
341,0.8427894513656637,0.9028854078998634,0.05562746626395036
1164,0.37133563157934985,0.8018018018018018,0.23923930220485046
2025,0.5529501226690674,0.02270759295539421,0.9893518879899232
2186,0.36155469878814384,0.08879158870416175,0.948913478562335
3091,0.7810846082718305,0.65549544987392,0.3518426091486932
3775,0.6320367910928151,0.1616196824749918,0.9019078132893115
4124,0.044292135650308394,0.6261323054726717,0.4604587725929044
4197,0.2796121806782061,0.22285079169997077,0.831899202331733
2447,0.4035951187936652,0.12683754126428684,0.9180624781159428
850,0.48958213562811975,0.4833503903862251,0.6179086860120261
1399,0.04194042832159324,0.9196310003678159,0.11273065711869794
4438,0.5895192834348207,0.1787214200081385,0.8576561203618146
35,0.6133398939143763,0.21249946212804363,0.8085133522360353
5032,0.04905471547781315,0.8750454449501166,0.1704452115567743
448,0.024047698825950786,0.8095319719075539,0.2431987994541865
2771,0.6936936936936937,0.4804521849957116,0.5353719004947436
3208,0.26632133764521215,0.5302222461230691,0.5532702564298138
2885,0.7390215593007555,0.871457072876793,0.12382825022388393
2952,0.7479565111638566,0.7748927286002224,0.32221930005838256
5018,0.7744609881844676,0.045657068773867375,0.972025687453042
2176,0.37645527025291686,0.07700815857160943,0.9553021018116418
3980,0.8947064112776552,0.0945827085331331,0.8395367670086046
1494,0.28680621489233854,0.3814693570840456,0.694677282557293
4276,0.9815616380300622,0.04665118008437069,0.282245806630903
3454,0.9137247000979015,0.12212619031475562,0.8036668691757926
3506,0.26179856232351256,0.25921292240062777,0.8021909705934797
1757,0.9373879044566664,0.16216216216216217,0.5842718848725097
1075,0.6348984949435623,0.4857515702595894,0.5779793449931913
1201,0.775978610349315,0.26331709625610483,0.7437190156285755
1894,0.1586158198779875,0.8851250239262514,0.19352623592156526
824,0.05547885003523958,0.6447483524719155,0.443620381357212
4476,0.7782025630656652,0.7070252773225655,0.2512054263160174
27,0.6090708531709781,0.9766892776066567,0.03228278458137654
352,0.5580410614578271,0.41478750388777463,0.629632359483578
2671,0.9108791323284104,0.7540050988756164,0.11356566552299481
3277,0.13041550795687254,0.5535080858744865,0.53337712589939
2016,0.286306269836858,0.07478695848032246,0.957804146398435
3997,0.36633826743451514,0.07739749278076048,0.9593210734568064
2809,0.7276214464062457,0.9518891391932509,0.05388690495760734
3008,0.23590339595482615,0.9643778618054599,0.060265945635151766
2136,0.7978388231466871,0.08665336231396258,0.9048106246019098
1132,0.5491187504864836,0.7450056616815945,0.29118790177625736
2883,0.3983793425066833,0.6015395900694622,0.4883157984129914
3305,0.341030589045804,0.2685971607615098,0.7986134915964657
765,0.3783783783783784,0.6286305276374436,0.42342342342342343
841,0.46464592495339113,0.34188637785140275,0.7080936267162526
3992,0.42141548682011765,0.108277605622551,0.9312790267276415
2811,0.7887964551207848,0.9034739598853149,0.08214755742834727
3242,0.8348351342354584,0.8700373770362289,0.0938295371011436
1943,0.012848624232625318,0.8632813260072526,0.20116474454828273
816,0.027014135524186005,0.7546402050162309,0.3204089127609996
4251,0.6649851559891211,0.31679405504745994,0.6957982424306657
5026,0.36737264144982645,0.3724766628221676,0.6908891586186043
2966,0.7474301254870811,0.8687210037903325,0.21529605645395186
675,0.9009009009009009,0.6283510402940478,0.21205404277963588
3926,0.7808164673618889,0.17454021299267516,0.825898193655198
202,0.7377745162485642,0.2291779025060828,0.7748295161560703
3174,0.6798909413640575,0.7482340474980342,0.2669778744185492
2685,0.42170649119040976,0.8433216527726394,0.19001257497993101
926,0.7384280619597091,0.2162936202006964,0.8002584266166267
4140,0.37375556112074093,0.4197310781576838,0.6311716162728837
5095,0.5704302457313788,0.23318887248003625,0.8046795005734639
1204,0.7036645533322218,0.2264188615987491,0.7936654908794213
4649,0.8682628964787923,0.5924245894858388,0.3153699943634919
346,0.5637323553002092,0.9234215890223122,0.08390827106602057
2750,0.7927927927927928,0.9324615716284205,0.06020866887968176
808,0.0918394652243082,0.7990442271284988,0.2528967931572585
4960,0.08866826252081463,0.3468986440013132,0.7237014421472097
3635,0.7260150906173513,0.5345038376761416,0.4977717016922661
3741,0.43943029929549876,0.5508178205766189,0.5057453984744655
4894,0.7455458256341527,0.09810693705748912,0.9062666430907695
2308,0.6465869398633007,0.2592754968615547,0.7707956382539107
584,0.062019474480139884,0.9282969633745956,0.10483313606458748
2190,0.5595916203961103,0.3406122393591508,0.7021491555071306
2918,0.3488092264462883,0.5518256214609479,0.5153692370107944
3107,0.8725261647260225,0.9403597740979608,0.04272407583784438
937,0.479915553654291,0.2102902025505944,0.8377699599338595
3143,0.17542656449650715,0.9819503151386357,0.03992548413725434
2983,0.07769427131841827,0.9209203084861082,0.1320550324869435
3121,0.35377680179684057,0.8773604497159877,0.15830188353948688
1568,0.054540060171900585,0.7428613802608126,0.3197327818788864
1334,0.6455509077977715,0.5792624327019816,0.4660380519402647
1726,0.17584971500159796,0.8689285453672942,0.17552173364175486
2687,0.8528585871782294,0.8837762364431019,0.19284390262782028
3222,0.38076574517902645,0.9919803240099392,0.01783866852916464
433,0.1344169016436366,0.8398222569238943,0.19146591705926097
761,0.4638601430489298,0.419239862214264,0.6216272996821955
1498,0.09642144692330416,0.8131314590704106,0.2450868671314426
5062,0.6424314289346488,0.6681592035874799,0.3630239434353004
2071,0.33201679790052785,0.02591856170835386,0.989994675509495
4123,0.48285150321636083,0.04762746923624749,0.9716385764830001
3925,0.6387655090110579,0.10542130546022022,0.9159701830849283
3914,0.9355535861488468,0.04971766813653648,0.7819788058925042
662,0.8812864809066849,0.829633516722432,0.09166359350145109
4180,0.27416110529991516,0.27472617372054653,0.7930725133037472
676,0.8172872213077577,0.911549765631093,0.06910514222767854
2149,0.8212933507675878,0.030727363323267164,0.9645176325089896
4809,0.44599892531952523,0.26460652047541494,0.7843686834546485
307,0.016359703026187646,0.8451198463219796,0.20373463512002618
974,0.7885866158160565,0.791634249738616,0.1855965667368387
2991,0.896247180169863,0.9131123079085794,0.03861349996813772
3348,0.923561483769112,0.2223071030885389,0.7285311685544763
3672,0.6396115204060746,0.548346206960852,0.5026404882941861
1049,0.57276524045487,0.10342889022450034,0.9255310718052121
4148,0.36812527069503326,0.1650184388643694,0.8790870511095544
403,0.300552558434938,0.45642085162426443,0.6031658418987459
43,0.7448707424258177,0.5404723779996186,0.4497720820785616
1602,0.11875769795702341,0.8668893908121693,0.1566659949504328
899,0.4728369244826462,0.1375066732619873,0.9095414510807097
2050,0.6973931993191257,0.379932803826934,0.6421763791994323
3159,0.16639443795765194,0.8874659509310441,0.1501399725632025
4927,0.7545028032967559,0.24224531766669424,0.7478852387095929
2063,0.46995598023988366,0.059864196865382774,0.9641800034945823
3713,0.1780341340437562,0.5675675675675675,0.5122032999018327
4274,0.18303258130993696,0.3032902178232709,0.7651555360349837
1839,0.17142655603816406,0.24324324324324323,0.8078317112785295
3214,0.4904397064071295,0.7383751999310578,0.309917238121817
2867,0.09259923633842515,0.802636398115122,0.24389265111535566
3869,0.8020406979390111,0.7281404433339419,0.2688319630755721
3479,0.6898206143977729,0.06713722502549528,0.9453658668651862
3994,0.8814912908078489,0.7034369726325278,0.19325438390671143
622,0.22470376216759574,0.4879329555962162,0.5841766778444221
2283,0.6685708518968858,0.12258204182981368,0.8999057264236765
2499,0.4964914131223916,0.11809319620129327,0.9204052528154194
1748,0.44934052281795067,0.789408731107542,0.22880545154532783
392,0.34698325005826125,0.47349704921063157,0.5976022333365301
167,0.7936779301263275,0.7103435735908948,0.2833037745524422
1121,0.6805356693261311,0.15717700026558737,0.8618593325296119
3651,0.8612998636541344,0.5407627274422203,0.4912733277075195
1583,0.2712284526765879,0.9094200281333604,0.12414524911872866
2632,0.03857184692365027,0.9774854896078766,0.04781401765304957
2858,0.5805090167794933,0.8704214610006755,0.15164461473052407
4830,0.5433259705446492,0.2506581887509191,0.7830883914731608
4316,0.3990447704554865,0.20846466590091262,0.8335861773250617
1508,0.03967528220982667,0.4725063303365494,0.6030250225154604
3327,0.9238797752936326,0.3567439998837276,0.415328107508791
1802,0.6630397825382472,0.7272085329732885,0.2635431077734181
2247,0.40044073666744306,0.07249177057059276,0.9603148741932646
3886,0.7748335679397473,0.07505331326190863,0.9249631000966082
3843,0.3119209631907534,0.26514943417190207,0.7973829939631037
3326,0.9771456820077188,0.04597177484350009,0.25186501513199633
2213,0.6968623259537228,0.3986541843767628,0.6326109584166971
1629,0.0748537255991151,0.9731412895064769,0.05137028336451256
2636,0.8997593330840125,0.7676055049859792,0.12711902730259414
161,0.9499536632990007,0.6097047148059713,0.08118360410861634
2109,0.430520534870654,0.055043808249452535,0.970310220260802
4104,0.3204208735886391,0.35287177411978576,0.7086543884347458
1232,0.823248687770277,0.6751472525201628,0.2770555233986147
139,0.014005802513483006,0.9439805149254852,0.09408679442032397
4829,0.0596138803750709,0.7698321431170589,0.3015152679930895
1718,0.6822373110433477,0.6511493562910871,0.36116488626756266
3636,0.8287516481251603,0.7074304224890009,0.2754288676908812
4768,0.8051269274850121,0.07758954650204565,0.9153130992044517
4155,0.19521710549895901,0.7024647887335457,0.356003478290592
1838,0.058808749040544984,0.676591645523158,0.42221065529161683
1438,0.07248330756825942,0.609806467871171,0.4677781724278469
3654,0.4104952092083741,0.14035551084133768,0.9022324266051721
3626,0.6691389500451754,0.05799679244800596,0.950414685681308
1518,0.014299116429204839,0.6947775640477133,0.36662316454977917
2020,0.4144144144144144,0.013812379280064268,0.9961910519000649
531,0.7981141769690692,0.6603133133233072,0.2862417848671759
2510,0.25740841371532386,0.019315098005534784,0.9957613532874385
2876,0.2219432771323405,0.7688904022740517,0.3033554960113647
1419,0.858050698558664,0.8432133126882487,0.08668539561688474
1978,0.1535014010167644,0.03763843796467753,0.9829813896571091
1178,0.4523858430857148,0.3014809671623829,0.7471328653224293
2637,0.14556746409773963,0.9673889212920291,0.060931296121334126
1173,0.00986125066700256,0.7780206872946303,0.2915364665082921
1174,0.8990306593111077,0.06231581119317346,0.8577405500136901
3797,0.9862699446894706,0.023023243348452415,0.33272029734675923
3967,0.9765106233939765,0.14262813673265098,0.0990990990990991
2956,0.18387140917629446,0.873941980094512,0.16681964743805783
725,0.4515579028089659,0.5543170576758032,0.5255112821434543
690,0.715293246872698,0.6406526948181128,0.3694283682281284
4006,0.7257711829005121,0.7162111690565348,0.28419829853291423
4549,0.4108800590749542,0.3954896285359062,0.6541878741435346
4412,0.4996473254785425,0.04602413641034206,0.972394492157063
162,0.9294942711574651,0.51187648918855,0.2244918300415731
466,0.313088762877998,0.2762899085394691,0.7804059530351568
623,0.03757129924800387,0.890603527993827,0.15365932505336014
1572,0.2791826455154764,0.3545508833678041,0.7123568704745459
3118,0.6281868665373042,0.7314943365005762,0.292250659826804
4699,0.8357876616982021,0.25221103893210683,0.7004849600923659
612,0.011028789331641541,0.8610453264914447,0.17724513451888824
3570,0.7094989879197854,0.21773415783198577,0.8511470262866907
153,0.9869338161279922,0.10515621487296267,0.009315004421540284
728,0.8481585077195762,0.45647286478989124,0.467960224594497
1408,0.38320387814032114,0.6371622982245502,0.41243438886959766
2087,0.42427735493816726,0.12992930120442509,0.9196368065992839
1309,0.5915591725734662,0.16017878322312798,0.8713446559078395
2214,0.6837032872424844,0.22012369803820528,0.7981339481490584
1780,0.07548271937811284,0.944803471686363,0.08241773065205696
4238,0.37116922284223786,0.7458705253892183,0.30324097702629194
436,0.4137168195668247,0.47856764813208424,0.5775754155415302
3912,0.966536425262184,0.027122152854597046,0.5370223454846328
117,0.10810810810810811,0.7725950832870596,0.27521538355599023
2895,0.6431181029051353,0.756285000129472,0.2657537214088571
3571,0.5492685553314732,0.29794359045109536,0.7515105145160587
2731,0.684115615476438,0.7598321917506157,0.24172994845705312
1171,0.8478219803687039,0.623001147317688,0.29461598598950767
1837,0.030892687268515896,0.842991604183423,0.20820274480101472
274,0.12759193797987886,0.8739877141162897,0.16692180806272217
2940,0.28660104338252307,0.9643667886552213,0.05882360849853011
250,0.421115360778682,0.7885108006352397,0.24875512280818926
853,0.5584072299551759,0.3697443154249877,0.7147949424348182
3722,0.4453028173864066,0.4040042156317038,0.6575497576930119
134,0.034333962624428296,0.8497629565769269,0.20311038179532365
556,0.05432359891078563,0.9056246371293266,0.1356949265712544
3329,0.45430385801939777,0.7569982896909162,0.28099305338051794
1020,0.8918918918918919,0.7434954632449745,0.1584569851607946
3142,0.2322374590337661,0.9414374089473332,0.0988312907445904
4395,0.3704977475166457,0.27143627459022307,0.7822833231005748
325,0.7031428692886631,0.7311536917272937,0.2845834044993712
1099,0.7202171119626275,0.5449010368051442,0.47747747747747726
2244,0.39923353184472316,0.06059394378842161,0.964924546270345
1247,0.9053333096843267,0.4945077976169408,0.3607402365425835
1316,0.9568132097348154,0.3998528675552646,0.1405015524443263
3774,0.38434227581246816,0.6278564028733041,0.4372419980241512
314,0.9576309355978962,0.3109268656230054,0.19107097682136404
443,0.5231967056754261,0.3176341938791272,0.7140633710883276
4435,0.8633928928932255,0.2510326358738687,0.6738381584059864
2656,0.039878515395178234,0.9848653519938393,0.03786448791420732
2292,0.9530356095509216,0.023628743862811774,0.7606345063212439
4752,0.46527583023914154,0.07987896588115498,0.944984600961051
3421,0.8298724053860478,0.5164459972860951,0.44846997043249154
3496,0.7337165209471076,0.2741447569162772,0.7685104325874552
2599,0.14977450273094778,0.9292426180140583,0.10980304178387602
5011,0.2725416238822678,0.6557260603271854,0.4170940405525176
2721,0.25532724631152764,0.941472358887287,0.08810948087620503
3589,0.5595535438868244,0.5549006564933072,0.5097771635256221
4427,0.8468468468468469,0.41038035865475253,0.5245639728127883
4054,0.6001607967170243,0.5941267987117966,0.43941303682137395
2069,0.5717329239743237,0.01532471136612518,0.9925789401953671
3758,0.43018831142438274,0.06758535173936514,0.9582355118283173
4884,0.33431414281238614,0.24563961124731015,0.809744374050105
2241,0.4968575832025068,0.16270029975592223,0.8824049096261596
2312,0.7619162184510168,0.05584736952864965,0.9485241062876866
1842,0.030347871417997704,0.9612994449922053,0.07180845279391163
4810,0.8877499415004999,0.23246545528680904,0.664823309645404
735,0.5435197265486538,0.3930755121547437,0.6470572978887489
2125,0.9025029084057161,0.07766897500176681,0.845169286712222
4986,0.20200797257586614,0.4003727202223893,0.668956005559001
4405,0.7622319305204533,0.1281225760986513,0.8836046376023634
2559,0.18668077032913377,0.7441979043789195,0.32544607397930664
3738,0.6166213116738083,0.7659597752770223,0.24769827816425508
2075,0.12386424637600041,0.5435353795450595,0.5416001308166732
3220,0.13277163954843166,0.676738052833257,0.4123076685281516
4993,0.9866062708413985,0.11236499252929699,0.016034299342995766
3262,0.23530037977409346,0.7717755578556681,0.2920835546658404
209,0.7011777935435789,0.7362659919639343,0.25225225225225234
2645,0.6847328151230495,0.8975258641058542,0.09930980422117681
3690,0.9945839385659616,0.0032538079033503833,0.002999876921656172
1331,0.41901613427933637,0.45244445398887156,0.6086402447898803
1660,0.22140744785778296,0.9001974102860034,0.1280995607134536
2044,0.4483630959072651,0.23130597541733705,0.822280775359373
2339,0.039122786024267844,0.38459952150513044,0.7066164661797916
3362,0.37421631993544724,0.2464280811709403,0.8008535252706934
2060,0.7865283708847864,0.016816560100888014,0.986856632943939
2258,0.006040679540997175,0.22510177665217548,0.8596262066152901
350,0.5839433439750314,0.4887686519520759,0.5435705050136993
1060,0.9869326308211721,0.005715380078128832,0.2222398493046169
2460,0.014174911731054306,0.2136809411513662,0.8543502795859889
4354,0.9829773684451105,0.005194398966806749,0.5064822949625599
1771,0.9358891084927454,0.6857784704515364,0.0856454700097579
766,0.38190487954491253,0.8008015049871625,0.23784257508188264
253,0.2887138008287584,0.7564080717072511,0.2882882882882883
177,0.7910105748772788,0.7298132825311993,0.2392390774918848
3013,0.13680843274422397,0.7730856673527903,0.2896393737497842
320,0.8379098092530589,0.7397103979406342,0.19512232708418367
558,0.5156955743010176,0.3931216988290021,0.6562312710553678
1195,0.16853047137327187,0.3588567463731927,0.7097198903631504
275,0.4328385877064765,0.41146817915355544,0.6354264245501978
4127,0.47244364590759014,0.5359758292742623,0.5150535395019432
490,0.04166723319215846,0.862904403475979,0.1884452327676805
1254,0.8724730129594473,0.5275650136176129,0.3639724825102437
1715,0.31015620089913354,0.5757826965807239,0.4903368654801163
2479,0.16001151359236787,0.03609119956465757,0.9860134146490549
157,0.9734012639811266,0.5996277657348286,0.4129037415068026
28,0.8596354838967375,0.3584019192304287,0.543535301546958
3747,0.742674561618875,0.5871314120097885,0.4244750769460699
1932,0.3175826568056441,0.5925566877524262,0.5342037901180671
4882,0.02931024210205708,0.5046762217619397,0.56625705808585
1380,0.2698259283507743,0.5055187208914134,0.5698720058540763
3739,0.6538981333988165,0.11837046799157884,0.9082980023278051
4533,0.12665867211221596,0.444434013988583,0.6270946775059123
3211,0.7193915901463934,0.6846846846846847,0.32861277732244665
3442,0.8725522417755385,0.44487999199824324,0.6627298448368454
3625,0.9927133493063864,0.005811114582271239,0.24914357226641037
2913,0.12345425500800905,0.8395126445663128,0.21351795818670474
4917,0.25443263949657774,0.20998607507963643,0.8403759198729008
1188,0.04477964212430232,0.6669892200977852,0.4107725311502595
2920,0.7191058252617484,0.5640928016084895,0.4689041912047577
2781,0.16216216216216217,0.5860382167742123,0.490032548323302
4067,0.8793024392785319,0.291298068828119,0.6200919297165393
835,0.1978676154698658,0.8094211109565866,0.23853927191849
1467,0.1484950037180087,0.7869805340629618,0.26510963760430467
3306,0.46800344517676484,0.06917715270348948,0.9568577103886191
4908,0.6036036036036039,0.5403597940765236,0.49740300390096187
1697,0.3794075575478277,0.6171519752164992,0.44341193993588435
437,0.3507156579144116,0.7348173359140812,0.3149608082720595
2114,0.6426774550260634,0.041310123427105924,0.9753507054571747
4821,0.6235316942610659,0.5045911730743395,0.5036584598707572
3092,0.8911186461231849,0.3504964186876848,0.5772034883529903
1621,0.275469139824107,0.38094268886854415,0.7011848509555921
4536,0.5453476176457759,0.3966028096432486,0.6502607556773771
3825,0.564733127261029,0.15943472810129355,0.8854158833136099
757,0.4502443685468146,0.890943144615469,0.13317996247112251
369,0.48801306254163457,0.9578086547195325,0.0611986987547337
1928,0.09406083624424484,0.6903089530317211,0.4153764551806569
2448,0.5319308460181704,0.197419525599272,0.8468468468468469
4338,0.31470419459396864,0.32431563346011516,0.7381251223096874
1814,0.3973468781956578,0.6287584327208372,0.4329743115295384
4056,0.7007515073604453,0.7913062496588221,0.20897206937983137
397,0.3483677985710932,0.43784609638411925,0.6188333685821402
4192,0.19401559354560158,0.6830365257524648,0.3920312266993131
1918,0.2632589507403752,0.8267600914228569,0.2831710407584513
2549,0.07025296292678954,0.6926957958747169,0.3815748285727794
971,0.9166147367941915,0.5256307191230818,0.32953214354514343
1826,0.4101620059517133,0.5998904292929835,0.45432378161501474
2769,0.6497904857942303,0.9657543422521332,0.04504504504504504
4978,0.1768596886465987,0.46142546804409024,0.6136018343108764
322,0.8757404029429607,0.5174361941039473,0.37038812810956884
1194,0.23691970333061987,0.34259210162754444,0.7302489078718979
195,0.8788727268234489,0.8963603677328424,0.060759212069079166
812,0.23038316643714257,0.36705201430621937,0.6980176138478907
476,0.0180426117975704,0.8878357418174085,0.16118240693743927
2942,0.15804057232123989,0.9147868294286349,0.12208549624553774
1731,0.5942156850223224,0.6946742006843242,0.33134832490990684
2108,0.39932254534949835,0.09254037129245368,0.9459459459459459
1675,0.666666666666667,0.7264131455952735,0.2783845001812284
2497,0.9851109769032144,0.00590365632501093,0.311323735546562
290,0.026559673089260757,0.9326645764411167,0.0972823574562975
3172,0.059447371034354955,0.92736470428217,0.11937886503628377
1625,0.13474552719713861,0.632085100664884,0.438005056809475
2057,0.6515032496685896,0.09070120853771535,0.9289286966485409
169,0.7972818230447095,0.6554285155666452,0.29563349228228464
3969,0.7656137693128404,0.08638793394910438,0.9105406634933784
2724,0.8590977487296084,0.7832239911495362,0.1551014899453177
4332,0.7840905575701009,0.16531281850848706,0.8417210082851381
5019,0.9241535116490579,0.12768595710366792,0.730437142084492
3017,0.9716194531772413,0.8705658356494387,0.0066278080429359705
3209,0.062022379079295066,0.9878504617970282,0.026538126570504465
4049,0.8239960894593227,0.11880367846842736,0.8603708918772878
3620,0.9843738077651144,0.4642962402081572,0.010027514109396195
1313,0.948034037382721,0.20863003740162697,0.4061112388064721
289,0.1494844088728726,0.7016987199094195,0.36052181827962765
2178,0.29252116596687755,0.4123344778882007,0.6588851607875191
430,0.22768307937887694,0.3478421217991312,0.7207207207207207
4053,0.5364436064473912,0.5561479213511885,0.48370825526105293
3055,0.7650700034531268,0.9784556033684024,0.07600483296715416
2336,0.36002507844916315,0.07577242565657918,0.9578861466855614
4359,0.409742479497248,0.21283442947915376,0.8347622501493517
64,0.18307005938054266,0.6700851311190082,0.39193751767752966
455,0.0884989873903107,0.7519307131123528,0.32625454234117585
1422,0.5250153486771629,0.8127034844397286,0.21621621621621623
1302,0.9404653812465886,0.3540149124412572,0.3663099212319071
3130,0.9170486786383032,0.6330799777268808,0.18577322448625183
828,0.09319506331116612,0.5781765059356633,0.4928333697892473
4928,0.18736584282724245,0.543929476806856,0.5185982303963843
4711,0.834023418868949,0.40702127057205395,0.5296206532617788
1043,0.38135854285776644,0.32341390510629675,0.7315725426671644
23,0.919164123149966,0.24166846034343678,0.5448624775253371
1549,0.7043462185351855,0.2768461486614354,0.7336684207973727
3952,0.3579607140516826,0.34148659909504736,0.7122508061777733
3169,0.2882056094866882,0.6315878785884975,0.45292513901104414
3737,0.042319027699764485,0.8797941516365169,0.16979337350889093
1590,0.6796642297119888,0.9531743088549002,0.05238494167943902
2568,0.2767148407267926,0.899906228975908,0.14518684588996852
4554,0.6713382085950663,0.03834741971270216,0.9692163259035914
3255,0.00653084930036272,0.9973851811375207,0.009874524514096799
4587,0.05038893397989843,0.8200775014280063,0.2415754309492625
6,0.9577382311971868,0.5064493424611871,0.07757000939037725
2722,0.7379659111148069,0.9436991203939724,0.06402220232696666
4323,0.9175239437914795,0.07082979433892424,0.8115994487307874
2802,0.9389930035582177,0.9276594817853803,0.011902617156016287
1103,0.6633140433559693,0.7187830046652578,0.30829474356750225
3594,0.6287601150515829,0.488432226501909,0.5424566129287426
2220,0.055916863474926706,0.27641397598917045,0.7986078955951702
4796,0.4097973712864497,0.6856744181350058,0.37226320046902855
2435,0.3753796738619891,0.3875961422684695,0.6805917336575812
2823,0.8152056104452272,0.8721149656073072,0.10102560422510046
2576,0.47637948084160947,0.9668019140033893,0.03729145566340149
3382,0.9491492177271589,0.19559314283794907,0.5189595278011798
3982,0.5043735721246256,0.3527936405462667,0.6973068570548849
5,0.9102423157761835,0.5108259387937415,0.3103021446875938
670,0.9186516648457246,0.3844330882852963,0.39860173918485403
4941,0.6981660320476247,0.38198946649140614,0.6502276479510091
2480,0.12991344414335268,0.04416479079737458,0.9823229145317749
834,0.860907753098317,0.18316710354920843,0.7891365470245815
3894,0.3683484078161964,0.05353565668903712,0.973194891141481
330,0.7142444873141023,0.3913360347493604,0.6173545867759788
2877,0.8603556842208654,0.7461814024720154,0.18526310838554372
1646,0.04399834951138848,0.8610236982012341,0.18018018018018017
1030,0.5506631100613816,0.34540744694786085,0.6856741414371778
881,0.4028101010711662,0.3033062371899112,0.7450403892083804
1845,0.3863236934823299,0.6364758147723081,0.47648156909176226
1950,0.3023595292346353,0.07264185025462348,0.9618943414732855
2166,0.7467512234213001,0.021023983683578044,0.9849388825061515
3000,0.9495954174677149,0.8375386354331271,0.18030669213908504
4481,0.341359545558778,0.2995739154027391,0.7688386363076881
2434,0.677606344648833,0.012507104239090171,0.995220970266636
4075,0.3676744856395853,0.0832679600950729,0.9469417624120954
4207,0.3723982100910744,0.5780665386734614,0.4826422204978538
87,0.45558064269926474,0.32087311254253803,0.7215115248540984
2621,0.8140436383528049,0.8986725119526168,0.07681671886249437
3842,0.7082606287086106,0.3865500107183794,0.629897630549923
14,0.8609931352078547,0.5484411520942514,0.3723501780351388
1827,0.05005383056925948,0.9050381438814983,0.13680101060780614
1548,0.036798062763087766,0.8784357087855269,0.1733801828876326
2093,0.5816022868620715,0.06484724781706543,0.9554631753794575
395,0.5283603140423082,0.3871834773539245,0.6579793739457784
5039,0.9959973349988963,0.0018483359144955015,0.0019941661267951745
699,0.8184401816991163,0.7427256970278078,0.19763030290920336
454,0.2719101144284342,0.4693416159258795,0.6012253070739259
4966,0.19138651922550295,0.2764162495496092,0.7833898017714097
2193,0.8286868360888517,0.051107486986639306,0.9380476602220525
2706,0.007730301396999495,0.9929428938451805,0.02078056529611025
431,0.35458191201430245,0.5515468460649244,0.5165386311358623
1526,0.18325342993303564,0.3659750892637289,0.7096952600268017
2465,0.13712149246185398,0.4494359884920693,0.6278405170878256
1525,0.0008672365056134424,0.932998678450808,0.09765751576550874
4524,0.41740734108627714,0.710927888311189,0.37416023896458356
5089,0.21049918091117675,0.6137623341423109,0.46846846846846846
4731,0.1799452547911526,0.6558062852984924,0.4199404964243977
2997,0.8468953103784314,0.7966574404612975,0.15613600460447713
994,0.38141020689504285,0.6907107645501714,0.36940503719474316
630,0.06081023518195502,0.9119208126444088,0.130184495448468
2305,0.7641394211073628,0.6257905706956832,0.36708036631399166
1772,0.11212618143162939,0.7438363264248058,0.30774816881925904
3702,0.8326491785497356,0.1046640091221663,0.8751380106547992
4619,0.8697784203935168,0.4897652261005076,0.4144144144144144
1029,0.8318100930652392,0.4239205402921586,0.532459845561642
4574,0.9935404062144826,0.0038008450265172144,0.03274271845354394
840,0.751819505595203,0.16454930537746232,0.8626639651022745
2901,0.9378945157532632,0.6083624366361193,0.163522828017177
94,0.12553936424028062,0.7601340731072869,0.3086679788248974
3481,0.39023675677959857,0.19338597126283202,0.8641786361727932
355,0.6276706437669706,0.818478169879892,0.1829871163276023
641,0.0710947129252953,0.5716223919724542,0.5135135135135135
2631,0.05306318478210608,0.9960806652043931,0.013800218604726945
4985,0.439199641571476,0.5939025887779817,0.4525811682885104
846,0.3538850711504262,0.09588384269310055,0.9413953868823115
5031,0.9703355801219019,0.06057969405102441,0.4214655604880178
2695,0.8307558919146916,0.971849617022852,0.021955768756527418
4982,0.6297336127899318,0.42035667147095596,0.5980944313029966
2118,0.2589365646038018,0.25275786034794817,0.8077562111916593
1152,0.801991234420561,0.3374015083320108,0.6295130336782039
1384,0.152785423438543,0.7387387387387387,0.3223545379697966
3062,0.027986780593582245,0.9387817313704165,0.10810810810810811
823,0.05502240069880239,0.7620871444697149,0.29423849893251214
3391,0.4406190389219381,0.42210276601545416,0.6456408786968104
1304,0.3596430220184546,0.41788260187066023,0.6511499793817911
1275,0.15797204700429193,0.5663075640517299,0.5217913650622965
2822,0.8790977131766863,0.9173964141140657,0.04334325952309142
2673,0.9701221022543288,0.4963939761957153,0.052994912947628516
1860,0.9971289808385596,0.9991965499157285,0.9992269059939826
2528,0.17186399047871967,0.7877653690822837,0.2746668731853
3282,0.5331004154229779,0.5459519959542988,0.5106956819840233
4011,0.8111824319624547,0.3903751050489596,0.5743294189370687
775,0.33843756465844554,0.7557135822781094,0.290458422341487
860,0.38014524826316276,0.7738933681203454,0.3174912695763389
5102,0.858551520043001,0.12317247718555076,0.8409484661595817
3081,0.5858062967819262,0.8865921099542301,0.13974172772483012
3824,0.7891242792171639,0.43339330188483954,0.5343679540197988
4851,0.7097571091186243,0.12891354169534408,0.894472450672624
3200,0.5376063918338273,0.7969155023017159,0.2263416796820179
3097,0.3698998663668475,0.8372751991375308,0.19190605932275948
211,0.6756756756756757,0.4142099441681735,0.6122280788158041
4564,0.5818817980504934,0.46304582818590595,0.5667028198633025
1947,0.11761678923350426,0.37253934236004477,0.7098406441142648
481,0.07227927396963227,0.859817609408799,0.18395863429579148
4813,0.461626234657078,0.3331926583815764,0.7060510987551597
3811,0.5330299438205608,0.6796586392465658,0.3565710760781589
1801,0.05688670332476107,0.762807911435109,0.3041923509450803
2382,0.9200527943190766,0.01755857907981317,0.927360897929037
4390,0.7173665370407096,0.03001080286753598,0.9769106246764924
715,0.8181426562877511,0.7381134887180015,0.20444437152284614
4487,0.7515907426230276,0.6988263222306341,0.32432432432432434
1104,0.6218297134997943,0.38666182467394866,0.6499105024502199
3840,0.42173875238268127,0.20221930994221993,0.8414096176244393
2644,0.8643424592587688,0.9274107179337,0.048718129720070044
691,0.8219502059284972,0.7888961326064459,0.16020077841325478
2679,0.06621037372868016,0.9659328379481128,0.06696238683246354
930,0.5657774789044974,0.1625494853166653,0.8789290326832887
2303,0.8771086530581735,0.05223761493920607,0.9045882137086638
386,0.22570590345529615,0.7937836897763512,0.2593523499535777
2899,0.6567015779178212,0.8942436500049445,0.11597095701183681
1651,0.5225225225225225,0.9449086192657087,0.07377557504865213
2144,0.5315315315315315,0.03575126737413979,0.9809977410608959
3296,0.41514646765778157,0.21001506476397266,0.8446070701663078
592,0.10540534959729914,0.894220818507468,0.14020947273201792
1061,0.8578210845193412,0.45680667475748843,0.46195136326340297
1198,0.25831954547348085,0.3074919595785605,0.7547846225586502
4000,0.2660201097988983,0.04504504504504499,0.9772236388267707
3777,0.5333010987767212,0.25316188589479793,0.7939797906216888
1850,0.5945945945945946,0.5125221800976235,0.6248142713635504
3212,0.6278214907657312,0.9811908959517628,0.026972338462242285
4081,0.6766883134539001,0.30819303032787243,0.7028494419668663
1822,0.0071493336978702875,0.925016547586823,0.11422240306257794
4863,0.4399768688763716,0.04595400498035559,0.9751403166843662
2192,0.6174211716706132,0.45232796546375614,0.5861355245001489
1527,0.11145727802502639,0.5950658363672588,0.48776283226873135
3616,0.7828630573189723,0.09386102742660943,0.9063247109184797
4491,0.348229013365403,0.7158220055514406,0.34234234234234234
1623,0.2686202360261875,0.44541463865323677,0.6228202255070768
1116,0.4504642994383006,0.4207125820983334,0.615390040429799
3761,0.5483904744757746,0.5167219229333935,0.5413184202605155
505,0.14366440520795593,0.3682770594662633,0.7074849370594476
3048,0.24891951449600383,0.8055565362375119,0.2456839967792589
3469,0.7695726386312856,0.45701840776545405,0.574640784610363
3014,0.5264492826391244,0.9205360215525724,0.10934445868660325
4516,0.27946039947645535,0.5638201912895953,0.5003869057233619
833,0.611612165652755,0.6809129930107694,0.35102102047320216
2696,0.048183345435816434,0.9860763874372099,0.03508164373585661
4132,0.4905978676131641,0.4721919480432116,0.5846544808222963
1294,0.5866591213635828,0.7792123604264451,0.2506542909417093
746,0.5381481280944693,0.45397856745496185,0.589112483033757
1358,0.06058851256594195,0.6568475776810501,0.41459917433009175
4082,0.7732688835426655,0.18238586164808435,0.8163835719147232
2074,0.5243949128457985,0.1641681382071714,0.8808941776791004
5066,0.42441750758995067,0.4038216284069399,0.6647691931840606
1634,0.25627289270515946,0.4138519706306808,0.6557241952131815
3051,0.20886145483602467,0.47036872012939823,0.6122741022277031
1297,0.10283174681697829,0.8882585650808531,0.15403770958854524
283,0.15423148066130707,0.7574881544425529,0.30538606638755195
530,0.3978059956620408,0.8525294103390023,0.17482527391872768
4477,0.5264324198083156,0.4845626253942108,0.5540613313433501
3194,0.8484053516456731,0.8819254304980654,0.08556379995269733
726,0.6473063644001575,0.837628803115139,0.1705479411062433
4707,0.9238966399213929,0.3646062745674072,0.4094599094558436
3438,0.5748766693853098,0.5549132726030939,0.4890712688646973
3021,0.29214547230751226,0.7904401809614888,0.2561184830106794
2328,0.06301875056908596,0.13321008036246654,0.929520834266167
3689,0.6239964497512668,0.3479518126111003,0.7679274682012533
2400,0.46154584529081155,0.04211755180916775,0.9790838482864845
57,0.25623113887469817,0.7236764557618547,0.34040618856145977
2058,0.6109107535652988,0.03487014360920625,0.9780652468051235
4418,0.4902353556073139,0.44948701260050494,0.6055071283910308
3706,0.6483265920844552,0.20562198561119424,0.8178501967943038
4178,0.4409971397583974,0.36231910916141147,0.6917114622991997
2377,0.4627996480372124,0.10604228175662146,0.9309939033685024
3177,0.29350069697176706,0.5815907290370158,0.4948327842867561
1023,0.2563441108365005,0.2500276403309808,0.8057880184707071
4290,0.10611094590987381,0.5692184173784285,0.5015497054394572
1916,0.1384939902265344,0.8284368235370947,0.2406923790026565
2107,0.3585418080475497,0.18670455452018367,0.8696594798455699
142,0.003407342708294305,0.7731591904701207,0.27553040390531147
4773,0.7477477477477474,0.08921356522080315,0.9117857996728921
3593,0.3608831195017297,0.26076621424422985,0.7956179649550936
836,0.3963963963963964,0.7217116143958416,0.33936166393509604
1887,0.32059020230920365,0.5709066453707071,0.548872043651737
2588,0.5565366159993209,0.8528999119916181,0.1687030894356355
2728,0.20520959163571148,0.9593786860027892,0.06973705960895517
2550,0.05178638943519492,0.947918610483878,0.08504081365632347
2123,0.31342964003354656,0.056255281706580486,0.9729231326365411
1523,0.04209403339196795,0.6220200458369035,0.44699710686776495
2425,0.44670371068419035,0.04244014959599841,0.9803569256252036
3347,0.5963900647201021,0.19793663685389842,0.8506772476262396
637,0.11990221235765791,0.6775675025494061,0.38738738738738737
1072,0.9554825406970696,0.43419710187734867,0.3945143774089381
764,0.22108168890125493,0.9132494970332459,0.10797257785929004
602,0.4368735500486582,0.3600455453056683,0.7029727674145677
1759,0.4275733041547052,0.4647458856768132,0.5815707906777047
949,0.6615654251052461,0.26326703085283193,0.7637463174678184
837,0.08165635766614128,0.7327053634757505,0.34940752234106653
2252,0.38044197277406666,0.28928454517577734,0.7632673614010588
4648,0.6152239800945342,0.8683959393522382,0.14267726244887105
2634,0.24348115299911352,0.6879364036040172,0.37716805633924344
3341,0.7068598682565955,0.03956790264408716,0.9687129120690952
515,0.8292392554256662,0.9393891539139817,0.04556063421960937
4834,0.13606099957277487,0.35993777709830915,0.7056205823098681
1469,0.013173214012510709,0.8810272817835133,0.16187783844828807
1575,0.09713997420321362,0.8902294335252738,0.13803499852351866
3111,0.7019920671310576,0.9906269036340526,0.014948916814885681
3060,0.9183758794251973,0.9093537298917579,0.05219891792931287
3356,0.2978596628127658,0.4131161891265479,0.6536862017353513
4145,0.7456327758268746,0.3566158141051178,0.6562587041385919
1649,0.028588467314735053,0.921601024360043,0.12230183140126592
1402,0.11500905036748407,0.5656479463789873,0.5023817690951121
3953,0.36231811090214494,0.5696286691403132,0.4956243722519537
3710,0.8259444577939996,0.24055722068914898,0.8024793430746263
4133,0.7681644149556952,0.08485332356603575,0.919908936295174
3585,0.9853784713705016,0.04037590746579161,0.3116638797743117
4739,0.6409454127325274,0.14612883154824055,0.8786472941513485
1497,0.001782872101851899,0.721800861533885,0.3460171492302659
4816,0.08716364690044072,0.5623336131130287,0.5290226480757382
993,0.8970727887688066,0.4311138721265199,0.4244183487100887
796,0.17918469739748874,0.697969269995308,0.3740233752795344
4106,0.5744826787971049,0.17779762014463477,0.863802646467529
316,0.8500709338171442,0.8905383052494963,0.07798350442513062
3927,0.6359923477912652,0.4350476580037835,0.5945945945945946
3813,0.5154914698981412,0.4404441916767597,0.6000524575983484
889,0.3743886173969322,0.30228108873129605,0.7580511694585822
1457,0.6362464190049308,0.8548799992210223,0.14507193515012032
3313,0.8030967267414035,0.06145200228739488,0.9335940838190792
1817,0.07325372895765819,0.3923449971388902,0.6767809266636686
996,0.9376828747474403,0.4354415244497008,0.24088873163808822
3420,0.10399980387660747,0.5425262755939869,0.5509479616092564
4672,0.2437458380344954,0.41917636413670173,0.6436671765924871
3887,0.40518600789817993,0.3059007695835646,0.7519502342294062
4300,0.8091612365421613,0.5189308059629616,0.45035215631766035
2013,0.369973486318508,0.22482401186285586,0.8270673955645043
3892,0.7109932459258983,0.5818311670388417,0.4441849257485675
839,0.5184389372377468,0.24593881606825138,0.8078887294258387
927,0.4069355790206886,0.1361254981423448,0.9038514218390732
1212,0.9529491630542879,0.32557316770959377,0.24991572616678334
1663,0.3389183816498292,0.8012200914140688,0.2462658736284817
1348,0.09498412315796691,0.7062634205130792,0.36638207910956944
2413,0.20547530810288803,0.22807506705391326,0.831670796959896
1821,0.1375204849448996,0.8664046332908248,0.18518210201388272
803,0.5261202196120284,0.32758114799621396,0.700793744561244
1696,0.14214929972847143,0.6369420930138893,0.4498100502414957
4381,0.9787587033482931,0.09877264355656123,0.144459560848132
3822,0.9260605633785804,0.22018615014360735,0.5960473073284378
327,0.8217809946696111,0.3036214847531117,0.6430128677204859
3962,0.642263712734818,0.04758981955719773,0.965947740617299
4867,0.6216216216216216,0.14902390086515752,0.887534413317259
2987,0.3629624929004351,0.601463673079345,0.4555579213437422
3182,0.2348330768329831,0.9288841986554706,0.10869901729382646
4538,0.42705801632506907,0.27314986953691955,0.7688839011588964
3248,0.016213568079591716,0.9683956689839077,0.05808392201140843
3971,0.44054775744265046,0.2712156287432016,0.7796379420388757
4623,0.404511098557187,0.29287705773698475,0.7772500038452623
1999,0.4290913529578748,0.05579406428778748,0.9707638657219738
517,0.6708882075890888,0.8293338968247603,0.16117270120357075
1007,0.9433434206901723,0.25968510443402104,0.4038739858500875
4605,0.6733891461323133,0.7241823412271636,0.28119284011628726
938,0.9176406863413179,0.11402631707237171,0.8196838975101397
198,0.7661218887181173,0.9667759641464878,0.03153358462086174
3872,0.7137025403141058,0.13000111256023306,0.880328143113837
2327,0.46683200599688707,0.3162825851202045,0.7333188368525397
1514,0.007471533997959462,0.9646061263100205,0.0598608591902009
2103,0.8356248042470706,0.14456446983104762,0.8382814503005804
2088,0.7256932114732529,0.10611921597515898,0.9085322690252386
4493,0.5319274495856371,0.48130442881676566,0.5517644400477885
3975,0.573675029334656,0.5146585252817084,0.524388350281225
2124,0.39378131230208513,0.1959900951578308,0.8505587849899053
2195,0.5124892763881769,0.3293405130491103,0.7230637509136737
3769,0.6150903096059386,0.7918745961487312,0.23479077776179358
4415,0.8200654327696153,0.5468412374774333,0.40483388698103095
1856,0.5643369021209258,0.7775607495001932,0.38126040342791306
2261,0.5239387862360275,0.49313816783840575,0.5467327311888452
2169,0.4598386635092955,0.10018449423372745,0.9348751708249313
3322,0.3282701418996253,0.4057885543237665,0.6887776400124623
4582,0.38440245515754773,0.24688910949586135,0.7993750444212193
1709,0.09182904353076607,0.9675413166206377,0.06287644453792737
2506,0.8862249444148469,0.20878206292440862,0.6914484282732417
1766,0.5610553735296556,0.7927927927927928,0.22303494743501764
3900,0.564628941490048,0.21752298503431342,0.8167245734115676
5069,0.6526864783737645,0.36424857161229723,0.6628694185299364
270,0.16706554092222922,0.5609316454369556,0.510195697216062
522,0.7330853963641943,0.7493610334738429,0.24324324324324323
1650,0.6225790736622763,0.6113890523913228,0.42242545588688474
4668,0.09172497951138141,0.7459329171458762,0.3180097687677342
200,0.8080341180042505,0.554354997756979,0.4026435545010338
1620,0.42949422540677473,0.42529162332655324,0.6357963025288741
4306,0.28227460110835517,0.1425759270887195,0.9052919741301386
547,0.4647724554694746,0.3463650710494964,0.7039808748312619
3601,0.523096401012823,0.25808200851406204,0.7958141327164238
3195,0.08560460551398019,0.9529676332524518,0.08352800156320708
4942,0.5733907089796358,0.04176944129136642,0.9749919988084429
3575,0.9607282848313158,0.10826495143647528,0.4655462077545118
2076,0.7532933184816034,0.02702702702702703,0.9781936855336767
3604,0.6445351786919831,0.4545539195887416,0.6568058618776603
4740,0.3880770643173504,0.46718321935623125,0.5975935450493843
4385,0.9549549549549549,0.0663256271494742,0.6638936806992993
4231,0.7213326784140632,0.33206848052918003,0.6886041292073213
4513,0.5756233468831363,0.2858208934996,0.7743389902231256
1310,0.1372018624067407,0.6440796115192718,0.43905775640459854
2933,0.9895257263162343,0.48860268624478825,0.003504912672263534
721,0.611444213685207,0.7119100145524335,0.32039430275479347
1035,0.696775434928428,0.5393335456401325,0.48113848648997404
4035,0.4024675035219124,0.07577750781781077,0.9493515290274803
331,0.9032876503470051,0.9224249793092827,0.025948774178966356
1395,0.3853238885716617,0.5285380430759883,0.5278668968583903
336,0.8666146457353873,0.5755443856978387,0.3426816272759196
2266,0.3357346345735291,0.02590623021466302,0.9903355960250071
1450,0.7389152337862708,0.782207153554589,0.1969331589382467
24,0.821660707660282,0.8537369595098069,0.10760347054317307
3638,0.8587469489751519,0.4225651353968422,0.7717085537313003
4172,0.343783151638505,0.26917314963453776,0.7837626967740768
3949,0.4191625752086529,0.7246518015934058,0.3036646027988887
2345,0.26126126126126126,0.2551564810962816,0.8067525051407421
3966,0.8843745539143139,0.5965486582060956,0.30048047161875596
1823,0.8147083675927698,0.5715418361297921,0.38473080578773006
3698,0.8249813806321049,0.08198220246163604,0.9054365453428289
4284,0.44248222216207944,0.11641676123833247,0.918916260557745
4345,0.8181028469868069,0.10939115542545513,0.8690083613869686
4994,0.06280403307528123,0.6024500359744027,0.48090772203870813
5040,0.6476546069312386,0.2662194971299278,0.7513398004676554
1271,0.652467811199978,0.19353175670244663,0.8293029960716898
4921,0.1126247524587101,0.6236091768135148,0.4591437569045974
4320,0.6686666836611019,0.11613312184807303,0.915768264869684
3542,0.991175453503954,0.9114132388113061,0.8843417448476301
1094,0.5726866447707252,0.3840143212811891,0.6641522229466631
2741,0.712699908412177,0.959079943481515,0.045952670648705334
3154,0.35135135135135137,0.9711723657610722,0.04688852575619686
409,0.12998192787497895,0.8500735537072382,0.1877527694093495
1005,0.494277071014984,0.14340068438732684,0.8979181211634476
2196,0.42088018374356256,0.01814462153775732,0.9935794567145022
3691,0.6465534454518105,0.3118880279941677,0.7193534563955937
1086,0.8842009547173943,0.8098572468360826,0.12758417763632
2211,0.4361087493165897,0.06287773591112296,0.9676899197915159
4770,0.84124577027462,0.8129072043225373,0.1377667706517326
4540,0.5837790266290943,0.35233984917138145,0.7299714904800886
3928,0.5000224011373022,0.09449530953117301,0.9328141693910204
1018,0.9324300885041104,0.21913913668020082,0.7107474983165817
2522,0.2950554387174049,0.8647477538735213,0.17266213510944353
1339,0.2999887945704936,0.5865700114471772,0.47804551964567976
459,0.1359116646233276,0.6099486737545965,0.4768992838679951
4939,0.5722946460683833,0.19526831863862532,0.8349784475545649
2316,0.6824150062240423,0.03310044965760322,0.9778740317066703
2100,0.18211628672207417,0.10097730081798571,0.9465100422109681
3685,0.3062863840884628,0.7497515920292728,0.31393438620208813
2700,0.08108108108108109,0.8213319045916515,0.23398343378123032
1685,0.2982699440323775,0.740738989759866,0.3025527480521921
1581,0.5533947503988934,0.24037954917701437,0.7921720734462551
3615,0.45625234089481775,0.29055198853761544,0.7666368177995914
1483,0.5120174506957718,0.8007935183220716,0.21665200382073357
1242,0.8368767915742784,0.2955172572468311,0.6809649717780523
3446,0.5193512638814078,0.14293291869117714,0.9019015125899577
2015,0.693471243163167,0.18267601159470603,0.8448821638414084
4003,0.6380586146082656,0.10937466514312372,0.9162759020419418
3929,0.3013720246193966,0.6267431383965848,0.42386393570013575
4849,0.48338575377014126,0.2200843801659105,0.8198198198198198
3331,0.7111504176663654,0.0898753979747892,0.9288050386040942
408,0.537437234967403,0.8379275231980514,0.18205981715243294
3501,0.35019307190987464,0.3883570198281626,0.6765078881228954
3653,0.8032597505253467,0.4071969260079026,0.5643020636634466
1693,0.219912961633991,0.5597969969864466,0.5172163421540282
917,0.44945568476623965,0.41843010136880454,0.6362921590662802
1240,0.767727557203901,0.17010065182999465,0.8343162514272892
1449,0.2706748508336656,0.31157812000366963,0.7402257536690738
1205,0.6336928728992212,0.48153152612849054,0.5433209807662611
4597,0.6530759654689712,0.6620716026483027,0.361663834706826
4981,0.7107573271080827,0.021431831265029965,0.9839393186845652
3162,0.23909743742532377,0.9809931618037736,0.036950793884673205
620,0.01859054003073429,0.8901014151078827,0.1518427955243319
2882,0.15683671900017354,0.6791448256493029,0.4014134472505886
2260,0.10038954573777016,0.40059602564323293,0.6895612646122917
3187,0.24755987458611345,0.523444542404404,0.554528094785642
4382,0.6981305521816197,0.5164169260281372,0.4958317232386203
3955,0.23197904231481697,0.7788437168696373,0.27707207814501583
1917,0.01928827764368911,0.8060485887244715,0.2553368453572789
2912,0.6146484258019962,0.9628611339042008,0.0500344775383255
1180,0.7818280631862745,0.2525921122324055,0.7195478638699588
2263,0.3823504172560421,0.11067301010386836,0.9279279279279279
2133,0.31926717618079625,0.289352132309207,0.7723855854490218
4541,0.9021957276202769,0.13054555986198663,0.7710170791245708
4076,0.4063968558599121,0.20623259835967034,0.8425358281002552
4650,0.8577811847645068,0.672451622058145,0.2452156389638735
4584,0.9590126338217856,0.0376104453161748,0.641142078210518
3103,0.6100754962947991,0.7975777691684305,0.24814230515089408
1246,0.9529533887845952,0.2191705271712318,0.8799228729812847
1617,0.17511164271792198,0.9528280168042941,0.07631954046691114
1032,0.9590908538517866,0.18296032429730177,0.37543441800873834
1015,0.7691462062404577,0.14889100045176779,0.8469309826096881
4408,0.7599647361940738,0.23075210160575596,0.8149895436555838
4647,0.897503616796443,0.14453511117366186,0.7792029528236767
1533,0.7800814094455022,0.9317894240555288,0.05345014915170082
473,0.12539694881832425,0.7938413247475571,0.26218491909959296
423,0.3054458275090663,0.2439222817892304,0.8136793796669546
704,0.8558558558558559,0.7857236700614072,0.14014179496271978
614,0.14819710583969606,0.7027410460916718,0.3794649612621831
2979,0.7900867549988424,0.9602936756338508,0.03891954187283594
4534,0.6067463801284493,0.4313015804363104,0.6048709708656791
2555,0.09984319008970775,0.8784500359596896,0.16320391140945223
615,0.015321624365217746,0.8379021028240194,0.2171461100926375
2973,0.7056841962702899,0.960903859081681,0.050940246600253855
4820,0.16518974620568622,0.45084619748707977,0.6181134506709488
2002,0.3685164125040826,0.025049091105451612,0.9899683125891022
4038,0.6071755688205964,0.5218254141181307,0.5029015594577714
2066,0.8752992509794149,0.2429770609676003,0.6726587136889935
3950,0.8827582404292366,0.7506242046183527,0.15591086101519655
2579,0.5720304915299719,0.8216168359052243,0.26221948747123686
3145,0.0431241142382175,0.9745965861551275,0.051995878746357485
4221,0.6146046940802583,0.605536407519621,0.4328676888945518
1922,0.2748032178881643,0.8734117109652246,0.20221056541494747
4272,0.6658247430106096,0.2953604102076143,0.7287780510035942
4409,0.5485639719789561,0.23429333354205034,0.8013219199450395
4211,0.657552412004909,0.6960337839459875,0.31946579946925796
2334,0.5076438864200997,0.03321760030286277,0.9833625158118275
2844,0.5546859427495427,0.9324856509160643,0.09011986815199774
2341,0.2859273827889007,0.1994623347310396,0.8549869490378882
3400,0.9098940920237463,0.04901096434173951,0.8912492430369207
10,0.8161237419152144,0.43921173932398966,0.5323349347892241
465,0.06403880100899378,0.6497314231848882,0.4140280777200002
450,0.23326766135023266,0.42626983492906056,0.6213756145341113
4033,0.7788501048095872,0.6060991940603195,0.37854460958395747
2457,0.3183094875304126,0.3072888313005389,0.7502654685213375
2717,0.13229819354722816,0.9872198976762235,0.028794843427058604
2215,0.6247860201514713,0.42044912102947607,0.6097155713878427
2287,0.1624856951516719,0.32585662198241366,0.7390166821397762
1596,0.0031612054427870213,0.8602348415050753,0.17641542148516104
463,0.018120925903159196,0.8304741785723099,0.22449122538625038
4467,0.9341178142318921,0.47637072002848235,0.2312636458602469
3151,0.13319632021728794,0.90294714511054,0.1317353699208866
3157,0.4379148161240016,0.8226382032587197,0.22898869864449112
2872,0.10439124153166265,0.863873993220523,0.1827930135549953
1318,0.34437528711213067,0.4494399855509747,0.6215862606447499
4573,0.42709021985543383,0.14686992286036668,0.8893143492176168
4228,0.03901240282122847,0.8807344665977855,0.17007775662726018
1949,0.008488727129332034,0.2979849985981917,0.7959725145775977
1387,0.020588528212388484,0.907574676049391,0.13003358341631793
990,0.8458738445979248,0.43646203706615144,0.5210397758943043
4843,0.34952469362994865,0.34189536975782375,0.717766972148322
806,0.39465402501361757,0.8306283737239831,0.20633817757867187
2765,0.8382104161023248,0.8340617800736656,0.12718906923132856
4865,0.35758879439690155,0.4805036721982026,0.569480130905086
606,0.42770885731487307,0.7362990840951787,0.30672336366155234
1741,0.02069221925562684,0.7947423442361355,0.2709216830600283
1585,0.5459780176577557,0.43266373802365826,0.6066033357378396
598,0.43415935890113033,0.5364909880911227,0.5027525675429666
3577,0.657920369148403,0.30527868176629736,0.7447514999738075
4356,0.3120064096453261,0.30569970509699096,0.7546668945728836
4915,0.32287097769408674,0.6333209147806481,0.4189721642631344
3042,0.7117117117117117,0.8979785520381643,0.10519799957456598
1290,0.23768545329428167,0.33302179397486653,0.7321036196784156
908,0.7234078565956601,0.4655677957841462,0.5718865862301263
2582,0.23796288799198476,0.8066563414993064,0.2483374972809969
1690,0.3571291007935128,0.45655411688741504,0.6058556402645452
1871,0.9019794247617197,0.3964566401847417,0.7030275954318274
3193,0.45045045045045046,0.8820183247257121,0.14040563866928316
4953,0.5129134072711734,0.35462954683402265,0.6976688610950637
357,0.4823852117262085,0.6563980638131263,0.39832955716639135
263,0.16634038544685414,0.7109932891725245,0.34139755985210135
2626,0.4745389073040956,0.4301205087345283,0.6211098497522091
276,0.26240916879242565,0.339220558762416,0.7172820232071286
4519,0.9154441290498502,0.6437398411570121,0.26893546263108786
2148,0.361318986041067,0.379786553154946,0.6852205264736067
1133,0.4286359696462344,0.24218747891250045,0.8104300966550934
243,0.28729368856480075,0.902276673646247,0.12554910203983738
1474,0.8012735548692687,0.25225225225225223,0.7197245120893216
2259,0.5935863746739863,0.07318344788553748,0.9524086646333376
684,0.789438495346009,0.2803069395904734,0.6926473137725457
411,0.5275453810632841,0.8481188815765107,0.16031661517741233
2603,0.7634048130984634,0.9841492014124421,0.01931150652702748
989,0.39579280951990586,0.365755362816141,0.7081872095752281
2472,0.4078013105301631,0.5043756933347033,0.5468426705340871
4240,0.28398295706697707,0.21622582086939565,0.8281732298031811
2484,0.8227548752889179,0.23568135166467816,0.7207723780099112
143,0.04601105203008765,0.45893544238027967,0.6244750303567966
3732,0.33143891753291893,0.8192178462445735,0.22522522522522523
1954,0.01914293609575949,0.23529364220833676,0.8447944992051462
181,0.8392814407631132,0.695631968065658,0.26215567394410366
3917,0.6237674482767613,0.4431914541317879,0.5991578657210467
3463,0.8497090219065649,0.20920834467596036,0.8496428332624831
3958,0.45594269780236224,0.030075020520696782,0.9859191336207099
4930,0.6736779583358028,0.15315315315315314,0.8638736059615325
1906,0.3435877688399226,0.9441638162750736,0.12612612612612628
323,0.815957520039673,0.7033268836932888,0.23856783229738918
4184,0.24948476595576022,0.6492100175078942,0.42697834550732955
4868,0.4377599688754542,0.2548325223992362,0.8015118619847559
3849,0.7099228290713866,0.24758909860589323,0.7678666699062918
4470,0.9496962223195241,0.324774588555899,0.2642448107105546
4267,0.7228568413911063,0.08810957061413126,0.9191248276470195
2181,0.006773347183323293,0.2585721771269251,0.825511566615173
843,0.2990063538593871,0.7313340532521985,0.3576329451401294
3355,0.9046252893188956,0.5366632809477121,0.3075741533046949
918,0.9800514411054216,0.029241049334809886,0.4113235807518931
1256,0.544303405543585,0.3878474346806532,0.65091735616367
470,0.09577087537169439,0.5755804321473297,0.5107329470129509
3881,0.2474943856650404,0.20482221764366015,0.8473609167428678
1714,0.45436815834116445,0.6633911312970181,0.38993098879653415
4437,0.3947526227609989,0.44746876717084516,0.6120245462484508
2029,0.5285867207758282,0.28672508815240416,0.7577259253591303
1008,0.15720473771055357,0.3428925384430854,0.7284671230947092
2084,0.669541449478946,0.007619025933969447,0.9979991027165873
1323,0.7813857219932763,0.1981981981981982,0.8056343826123086
1076,0.44408667820522796,0.5779476932454568,0.47844370210327974
2471,0.8114158300372397,0.19154384425283594,0.8055070481593293
3418,0.6437055307263353,0.7515958639639879,0.29738354339838946
3351,0.7658366884733042,0.40694010280587656,0.6495219589474734
4200,0.1367456631153054,0.6491440905586119,0.42820739629084564
384,0.4424406639534972,0.5215505535890367,0.5334251550092025
239,0.07744077716631166,0.9244152830737008,0.11745104265981396
2445,0.42657109195203763,0.19757878257645806,0.856761083681822
2909,0.37278169706015934,0.9943905155908055,0.01591627620668443
2167,0.18250187396916062,0.3949925409660719,0.6763024465944638
3960,0.667113118015545,0.29859863671315423,0.7221127660888347
78,0.17135777679763406,0.8319819563530761,0.21713018212022503
1888,0.9970105044079043,0.998531396602035,0.9985713413832126
4786,0.2560927277270507,0.5200457194761492,0.5642319125669889
1292,0.3369978948543585,0.35936909646932635,0.7104840858931034
3878,0.6718351190129397,0.6225883637767885,0.4078588713579111
2538,0.215826698721874,0.520770144623333,0.5551611191419399
844,0.3082324107127239,0.3123781958046477,0.7507377312954617
1022,0.5779546705241769,0.4550561485653732,0.6106201546373419
2102,0.5417663068536932,0.13159921834732893,0.9058586149700234
4812,0.13911486920832322,0.43451561768481245,0.6419243424406664
3508,0.45254497786652004,0.17959878282461753,0.8747364824955874
1915,0.09872069182925183,0.8378378378378377,0.22454441417944082
4399,0.9745957915486523,0.2616248477220817,0.09661774489831022
4644,0.17502163214128505,0.5960744694976495,0.4848947260146422
984,0.529738560388522,0.43702875574152333,0.623569024743359
2048,0.4365166326252092,0.13883166601055308,0.9078555222004864
2926,0.15615389756147083,0.8530823320906081,0.20590455317084402
1161,0.3000529046752597,0.7184418361499638,0.35136557102546584
2955,0.7819063415088126,0.7978815373081719,0.2001995028720585
4749,0.19620174129087964,0.7694868022451475,0.29552122834734007
1332,0.16083503743650612,0.5145017584911118,0.5700314043962386
3862,0.21408847630318636,0.22269631565779086,0.8293273248121077
4817,0.7642213406956787,0.16779744892194612,0.833816863501346
1846,0.8618985178452595,0.5541547837058213,0.7200458232033221
3515,0.8133083690256321,0.3327399351089225,0.7577562454764771
1723,0.38524865796687535,0.3519918904160211,0.6995708960778835
538,0.5424507464956797,0.6090890320113382,0.4324790680132275
3319,0.4678893137909394,0.5950437889577184,0.4792448583791813
3451,0.9488513383861351,0.3626999938016264,0.26637610575113846
901,0.7690991158426669,0.17404786141226913,0.8482733828635196
3965,0.6789841286165702,0.4781891041235452,0.5196832085748806
4755,0.8429123054953483,0.6175299033486995,0.3150842494694641
2665,0.44044737275186824,0.5812250452811537,0.4763124703182927
144,0.008783967328853295,0.935432961493342,0.11319831688533825
1571,0.12612612612612611,0.8449844269443474,0.20332825891646616
576,0.20422909731598718,0.5344047976953915,0.5379706588291545
4149,0.31912512417238986,0.5937021953748817,0.4543841253729575
2105,0.26803344792890677,0.04722723998541227,0.9792685776563195
1381,0.09982720509403858,0.6590314673062896,0.43243243243243246
2493,0.5652810703207406,0.032596818392394616,0.9866407489685306
3608,0.2987808379942524,0.3356446456545302,0.7276496373748861
1563,0.7063562204623229,0.29159479420217216,0.718320733866265
192,0.8757298984515567,0.9262521512123012,0.03682414216868007
568,0.22249767958073782,0.6978104009176566,0.37139741047994196
4271,0.4190086118556942,0.20421409164195617,0.8523919489576097
2264,0.15618996769787744,0.35242966696724515,0.7237655306435374
2556,0.06223930568257054,0.9479726637815533,0.08794917244126525
3578,0.24641913284403347,0.35536423266836226,0.7069831941930915
5077,0.8738738738738738,0.10664717410805678,0.8368424430744109
1435,0.24798085448201357,0.5257682913332482,0.5545889612082918
3784,0.42342342342342343,0.5240206936354384,0.5535179512828565
4494,0.9461056347815635,0.8000043654168826,0.10333543203805032
297,0.005316308089938137,0.9376322567908466,0.10225643413932807
1985,0.23246605573289125,0.33810690419017553,0.7325126110015232
2313,0.4881033934412165,0.11978810823045684,0.921515661690274
1962,0.5955664180559687,0.06540606526865947,0.9544276606465192
3789,0.6899980885946525,0.2227444043731235,0.791756167255006
545,0.15753942385292824,0.8789849464261208,0.15860064172095512
4630,0.05342322467781732,0.8030839300192472,0.27070718765825486
296,0.0035442004596041364,0.9371490703836296,0.10545386028738918
4171,0.39950303953542166,0.5316513486149441,0.5224534831959334
1732,0.7733186519940308,0.5003927215859586,0.5256513765334362
5029,0.6316090704895763,0.6299653187251505,0.3806769863030251
933,0.25157147096002064,0.7332888337852927,0.34520220664534773
1320,0.6016432397264732,0.7099684921412852,0.33197682421243685
4790,0.4022988135361086,0.48763962171536396,0.5743774577299434
727,0.3363133592365347,0.9141352346902554,0.11250185067739883
1712,0.3315907421909179,0.7540231331777911,0.3028810422631789
1243,0.9771953907289419,0.007581236775029315,0.4964940196132104
4805,0.285057551754951,0.3851684814785094,0.6760230144150244
3404,0.7823318532798114,0.2517519733725466,0.7996158425780773
2573,0.37962863989506784,0.9876446930005381,0.0230833629122461
4315,0.6520652390106252,0.48648648648648646,0.5310855971459159
4265,0.5162393905420986,0.6472849115024554,0.39738527137616647
1480,0.5234618842161709,0.2722526265385575,0.7622894266128268
1357,0.4572837260881656,0.6038216859004554,0.46448820181627637
4325,0.74209308535108,0.35259370965857095,0.6625832258986024
4175,0.6207718282565488,0.03958807383217196,0.9750298129563902
956,0.43553815938263213,0.4322147079240282,0.6338175970164607
4855,0.633891229155814,0.05124163365068183,0.9600314272415083
4173,0.5893710363642077,0.39534500434112446,0.6371279491473559
3637,0.7296739537345084,0.04500756849450889,0.9621526948189346
2746,0.04585310595137248,0.9939125156538183,0.018139540999029022
2745,0.303551477048109,0.5917522741727291,0.4694832058373404
3054,0.7562238025953414,0.9888530698906755,0.023238181065893034
4326,0.797776984418032,0.07090529659681831,0.9155816442371606
2146,0.9266862075698339,0.09751548477662539,0.757131705638891
1101,0.5033480819571886,0.1611693077257378,0.8834155809397457
62,0.3448855962377382,0.6462648104914569,0.41145670379655525
1704,0.31097821863166897,0.5015015071962058,0.5497002755966186
698,0.8540332694619336,0.33659049600533947,0.5877185131260962
2884,0.670542159748645,0.5246502477229353,0.49258440119134256
553,0.2299873397832412,0.7052732022426553,0.3563034098303269
500,0.013103613279512719,0.8719092637205047,0.1720966565375731
2476,0.3204328625066528,0.09190021124839659,0.9580438293649057
4143,0.3194713636604532,0.1733363537064163,0.8775978194143709
4826,0.7896173830089284,0.021804335214149276,0.977332053293806
1167,0.6152374190476212,0.2762618866863971,0.7597634805043989
1452,0.25943957734376655,0.9030582036283631,0.12399597562927676
4729,0.09258933831297333,0.5170983174558218,0.5626981219167234
1191,0.05691177053603311,0.7983237837104524,0.2808653232962967
12,0.906359627445692,0.6382404565031742,0.1952390557316016
4023,0.9921063027264247,0.006487076141302592,0.043187985567745175
1819,0.29921754703588804,0.7097154942129795,0.35289260209355444
1914,0.146757738487068,0.7993800184932224,0.29781583755134056
1053,0.5388277079733406,0.17426157552136698,0.8667832186082242
740,0.25818183531028494,0.5561329641165601,0.5055018916392221
2684,0.9000494154232199,0.7420952465327548,0.1397019031786396
1085,0.5420238785403901,0.7448348108490478,0.292427036018985
4166,0.09326930891954813,0.6497446763473056,0.4340869997427062
2507,0.9141964193636064,0.1437060896540457,0.7363405123511481
3785,0.8887742159365823,0.6039763636150631,0.31598177483798556
2396,0.32070026436460347,0.3942001215230656,0.6829776411709135
4857,0.12202591489420496,0.5369044757478175,0.5380840109493322
2902,0.6629728500023204,0.9593459357774691,0.04962847625989017
2670,0.8850977463963038,0.924788109865567,0.04015710942090455
7,0.8509752379710727,0.28608063938214906,0.6478464956594572
2440,0.6549965263374553,0.05056684267504134,0.9630600023296427
868,0.26775837311277273,0.35493188719578744,0.7163193407138861
373,0.43150245580529245,0.5810377864866815,0.46915138475076335
2835,0.8105042361685459,0.7750063314383407,0.19051339118503502
2473,0.3653439509561018,0.3141196703531969,0.7404943387136644
4785,0.22620977219132254,0.3890059287647016,0.6797373014305842
1662,0.7254644508960546,0.7056302102200077,0.2861028185847683
2026,0.27854807070786164,0.10060352130512068,0.943599071158975
1925,0.3254373202483757,0.8386038498971587,0.26445264789845857
1606,0.1505480820328946,0.8809333123737605,0.15428946984514041
1677,0.9353075966726714,0.44218565233531965,0.23002683454667458
2622,0.21245760542461997,0.6103394988266306,0.4673264385286403
3801,0.8958992952359319,0.07512227122491096,0.8602041940115119
2204,0.15458246454497201,0.0681500034966262,0.9686191562080575
1791,0.47670632487671327,0.789951869964967,0.24291710963546193
3805,0.36365744058287197,0.09487060438240466,0.9449465534589911
681,0.6221378240186809,0.48827802378892576,0.5592601161523632
3827,0.5959470125868774,0.27983592466339074,0.7577649450372542
5105,0.1891891891891892,0.7738000000701616,0.2824109604295751
429,0.1687204796069151,0.44873261246756313,0.6363197064314987
2437,0.20631642317603754,0.279125619872427,0.7887577899019849
1270,0.3884066707732508,0.2689789176620816,0.7820555731103382
1098,0.5922147572704629,0.6781312776535291,0.36759484423415406
4667,0.9046453814172952,0.5069188053461314,0.32615065810954735
1977,0.7996140532903315,0.006973638450699102,0.997720496566825
2518,0.2915207664018253,0.5505169969005884,0.5155086522465901
1428,0.3092919711735585,0.8936062561803613,0.13473654628644968
4188,0.7762827911010322,0.2220856089839155,0.7630021926003664
2801,0.8957620234707621,0.9337700193965178,0.028022296169945272
482,0.01799641558897709,0.7504563040751387,0.31335159600334156
3249,0.9088712339084072,0.9911972936848845,0.020661964599916448
3323,0.9695240625094997,0.18806489959401607,0.18646871194359746
3435,0.4851835886675892,0.10231308780443783,0.9364174955352165
2834,0.9179393928275976,0.9629648176961543,0.011967336736495849
1459,0.4574744835611485,0.5590731193647821,0.4908744130268288
1885,0.5275092633681887,0.6485783102674982,0.5239453680124319
4305,0.20933409175038792,0.761654735386343,0.2990632658160134
3235,0.552063999610478,0.9609973239463884,0.058009171539041525
3709,0.40885575553654047,0.38936556257288024,0.6788067329283469
2233,0.5856872559627081,0.017394493409872726,0.9921077309291557
3590,0.7898556078122859,0.14583464948335903,0.8475741142827938
4026,0.4214237144226353,0.05315439635583132,0.9686768916386311
4893,0.2875944185142385,0.5567717377165676,0.5184099129153398
3293,0.6570115359906322,0.10871981342270547,0.9277824950769051
1803,0.5905887178268366,0.4284636057686379,0.5987953602020016
2188,0.34145377960169926,0.6151351111460521,0.45596156639883517
311,0.8991597117535818,0.39000168510932914,0.4553385485551729
753,0.4264367777933248,0.9302437926299865,0.09331129146484088
4426,0.800795018919098,0.6557104209824013,0.4107259655685765
2960,0.9773624251975833,0.9974092292257699,0.3443044630268266
2053,0.7027027027027027,0.2613526468232838,0.7538102375130423
2475,0.24867348005167622,0.2081474346867441,0.8503318622002208
3671,0.7870927171861924,0.18719271196274176,0.9016628923300685
1258,0.18634232148389898,0.7440961910486421,0.3206264180928298
4518,0.26672803370602594,0.21459588866101614,0.8337535705851373
1182,0.22065135472386732,0.16835438618076504,0.8848131081042189
997,0.8198198198198198,0.2611273343299872,0.7441834289740696
3082,0.0990990990990991,0.756129219403668,0.32062370734232276
2221,0.7511768081099239,0.10590865712679944,0.9026684265738589
4116,0.911175506115971,0.4322596978740173,0.3859627893552718
827,0.0971353496734166,0.7854810837322767,0.28645190014073985
4526,0.04504504504504504,0.651080191404035,0.4350740845756989
2595,0.42497674721919854,0.9330633790894107,0.11178059310740157
3876,0.6165833589570034,0.648423770650488,0.3890564328135143
4236,0.7158261103108212,0.7663733224538218,0.2291845746649206
3954,0.2515304759409324,0.44240547264118024,0.6272823395212572
888,0.4712832753904094,0.36536151533570604,0.7135050845723282
3406,0.817638024441227,0.40910456927590977,0.5657921191940387
4039,0.5324801102323699,0.17971074964085135,0.8618632733472735
809,0.29380481814074155,0.701702089357799,0.3505087832579568
2643,0.1312621624362912,0.8075652001746408,0.2507438732875782
627,0.0467347112945249,0.8358923481778869,0.2172063541712726
1080,0.35627375486016716,0.4197684928541567,0.6330390236136397
2317,0.5475992056009538,0.3934902409238553,0.6613731937709171
80,0.456014912230264,0.4244679953510446,0.641513576059246
49,0.4366909808905048,0.47829268126862523,0.5695110486175556
3332,0.5578830724398594,0.29926297263817625,0.787284074692278
2892,0.14118613738892533,0.8336784404115639,0.22409450777909698
4457,0.9409561683570811,0.11570441336994895,0.6466163758394358
